writer,date,title,content,tags,sympathy,post_url,ad_images,광고
날아라호빵맨,2024. 10. 19. 15:10,[신촌맛집] 피자보이시나 고소한 치즈 크러스트 후기,"모처럼 찾아온 휴일에 집에만 있기 아쉬워서 경의선 숲길 산책을 나왔어요!무더운 여름이 끝나고 시원한 가을이 찾아와서바람 쐬며 피자를 먹을 겸 신촌맛집 피자보이시나에 다녀왔어요♪​  고소한 치즈가 듬뿍~!크러스트 3종류 중 한 개를 무료로 추가할 수 있어더 푸짐하게 즐길 수 있는 신촌맛집 피자보이시나!​​  지하철을 이용하시면 신촌역 3번 출구에서 조금만 걸어오시면 매장에 도착하실 수 있어요.저희는 경의선 숲길에서 파워워킹으로 방문했답니다.​​  노란색과 파란색의 조화로 멀리서도 매장이 눈에 확 들어왔어요.요즘 바람 솔솔~ 날씨가 좋아서 테라스 쪽에서 식사를 하면 좋을 것 같았답니다.​​  2층으로 올라오면 널찍한 홀에서 식사를 즐길 수 있게큼직한 테이블이 마련되어 있었어요.​  2인용도 있고 대부분이 4인용이라커플분들이 데이트는 물론 친구들끼리 피맥하러 방문하시면 좋을 것 같았답니다.​  안쪽 공간은 요렇게 개방감 있게 활짝 폴딩도어가 열려있어서가을바람을 만끽하며 야외에서 먹는 기분으로 식사를 할 수 있어 너무 즐거웠어요♪​​  주문하러 가는 길에 한쪽에 걸려있는 그림이 귀여워서 사진을 찍어봤어요.저도 저런 침대에서 자고싶네요ㅋㅋㅋㅋ​  주방 앞쪽에 위치한 키오스크를 통해서편하게 메뉴를 살펴보고 주문할 수 있었어요.종류가 다양하고 하프앤하프로 주문할 수 있어서한 번에 다양한 맛을 즐길 수 있는 것도 매력 포인트랍니다.​​​  거기에 신촌맛집 피자보이시나에서는크러스트 1개를 무료로 추가할 수 있다는 사실~!고구마무스와 크림치즈도 궁금했지만 쭈욱 늘어나는 고소한 치즈 크러스트를 선택했어요.그리고 토핑치즈 50g 추가를 1,000원에 할 수 있어서 바로 추가했답니다.​거기에 네이버 리뷰 이벤트로 스파게티, 텐더, 새우링 중 한 개를 맛보실 수 있으니꼭 참여해서 더 푸짐하게 즐기시면 좋을 것 같았어요~!거기에 포장 할인으로 R, L 사이즈는 무려 10프로 할인, J 사이즈는 5프로 할인 혜택 등 다양 행사가 진행 중이라매장 방문하셔서 다양한 혜택받아 더 착한 가격으로 식사를 하시면 좋을 것 같았답니다.​​   메뉴 주문을 끝내고 셀프 바로 돌격!기본적인 피클과 핫 소스에 파마산 치즈는 물론 갈릭 디핑소스도 맘껏 먹을 수 있어 너무 좋았어요~​​  피클을 좋아해서 듬뿍 가져왔어요ㅋㅋㅋㅋ​​  갈릭 디핑소스도 넉넉하게 준비되어 있다 보니아낌없이 피자를 찍어 먹을 수 있어 더 맛있게 먹을 수 있었어요~!​  스피드하게 주문한 메뉴가 등장♪기다리는 동안에도 배달 주문이 끊임없이 들어올 정도로 인기가 많아 보였고요.​​  굉장히 푸짐해 보이는 하프앤하프 R 사이즈와미트 스파게티의 모습이랍니다~​​  아내가 좋아하는 슈퍼슈프림과베스트 메뉴인 렌치 스파이스를 주문해 봤어요~!두 종류를 함께 맛볼 수 있어 너무 행복한 비주얼을 뽐내고 있었어요.​​  일단 토핑이 아낌없이 올라가져있는 모습에 흐뭇~매장에서 먹는 만큼 바로 구워져 나온 피자라 윤기가 흐르는 게 너무 맛나 보이더라고요.​​  소스가 듬뿍 뿌려져있어 더 맛있어 보였던 렌치 스파이스의 모습 살짝 구경해 보시고요.​  치즈가 굳기 전에 스피드하게 한 조각 살포시 올려봅니다~!50g 치즈를 추가했더니 폭포처럼 주르륵 늘어나는 치즈의 양이 어마어마했어요~!​  매장 방문하시는 분들은 꼭꼭 천 원 추가해서고소한 치즈 아낌없이 맛보시면 좋을것같았어요ㅋㅋㅋㅋ​거기에 밑부분과 끝부분은 바삭하면서 속은 쫀득 촉촉한 도우의 맛이빵 부분만 먹어도 충분히 너무 맛있었어요!​​  고소함 가득한 치즈에맛깔스러운 렌치소스와 중간중간 매콤함을 더해주는 할라피뇨가 씹히는 게왜 베스트 메뉴인지 알 것 같았던 중독되는 맛의 렌치 스파이스.​​​   그리고 훌륭한 비주얼로 시선을 빼앗은 미트 스파게티도 살펴볼게요~역시 방금 조리돼서 엄청 따끈따끈한 게역시 매장 직접 방문해서 먹는 매력이 가득했어요~!​  스파게티 메뉴에도 치즈가 한가득~재료가 아낌없이 듬뿍 들어가져 있는 게 사장님의 인심을 느낄 수 있었어요.​  휘리릭~위에 올려진 토핑 속에 탱글 하게 잘 익은 파스타면이 가득 숨어있답니다.​ 접기/펴기신촌맛집 피자보이시나 고소한 치즈 크러스트 후기[신촌맛집] 피자보이시나 고소한 치즈 크러스트 후기 너무 맛있었던 미트 스파게티의 생생한 모습을 동영상으로 담아봤어요!재생 버튼 클릭하셔서 구경해 보세요~​​  감칠맛 가득한 소스와 고소한 치즈의 만남이피자만큼 너무 맛있었던 스파게티♬요것도 너무 별미라서 꼭 함께 맛보시면 좋을 것 같았어요.​​  탱글한 식감이 살아있는 게 면발 익힘 정도가 너무 취향에 맞아서 더 맛있게 느껴졌어요.​​  후루룩~메인만큼 훌륭한 맛을 자랑했던 스파게티 덕분에 포만감이 한가득 올라왔어요ㅋㅋㅋ​​  슈퍼슈프림과 렌치 스파이스의 만남:)두 종류의 맛을 함께 즐길 수 있는 하프앤하프만의 매력~​​  치즈는 물론 소스마저 아낌없이 듬뿍듬뿍 올라 가져있는 게참 먹음직스러웠답니다.​​  거기에 무료로 업그레이드한 치즈 크러스트~!속에 스트링치즈가 듬뿍 들어가져있어서 끝부분까지 맛나게 먹을 수 있었어요.​  요렇게 갈릭 디핑소스 듬뿍 찍으면끝부분까지 너무 맛나게 먹을 수 있답니다!소스 듬뿍 찍어 먹을 수 있는 게 너무 좋았어요ㅋㅋㅋㅋ​​  새하얀 접시 위에 살포시 옮겨진 귀여운 피자 한 조각.얼핏 봐도 치즈가 듬뿍 올라 가져있는 게 느껴진답니다.​  그냥 먹어도 고소하니 너무 맛있지만파마산 치즈 듬뿍 뿌리고 매콤함을 더해주는 핫 소스 휘리릭 더해주면 끝입니다~!​  좋아하는 블랙 올리브가 듬뿍 올라가져있어서 더 맛있었고요~취향에 맞게 갈릭소스나 파마산 치즈, 핫 소스를 맘껏 더할 수 있다 보니마지막 한 조각까지 색다르고 맛있게 마무리할 수 있었답니다.​​​  토핑이 듬뿍 얹혀서 묵직한 게한 조각 속에서 다양한 맛이 확~ 느껴지는 게 마지막 한 조각까지너무 맛있게 먹을 수 있었답니다:)​​ 50m© NAVER Corp.더보기/OpenStreetMap지도 데이터x© NAVER Corp./OpenStreetMap지도 컨트롤러 범례부동산거리읍,면,동시,군,구시,도국가피자보이시나 신촌점서울특별시 서대문구 명물길 36-7 2층예약 신촌맛집 피자보이시나 지도 위치입니다.주소: 서울 서대문구 명물길 36-7, 2층영업시간: 월~화 12:00~22:00수~일 11:20~22:00전화번호: 02-312-7500​시원한 바람 솔솔~ 가을 나들이 겸 매장 방문하셔서크러스트 무료 추가와 네이버 리뷰 이벤트 등다양한 혜택 곁들여서 더 푸짐하고 맛있는 피자를 즐겨보세요♪​​​​​  ​ ","#신촌맛집, #신촌피자맛집, #신촌피자, #신촌피자보이시나, #피자보이시나, #신촌역맛집, #신촌맛집피자보이시나, #신촌피맥, #신촌데이트, #신촌데이트맛집, #신촌테이트코스",12,https://blog.naver.com/wogur1157/223625177683,https://www.reviewnote.co.kr/_next/image?url=https%3A%2F%2Ffirebasestorage.googleapis.com%2Fv0%2Fb%2Freviewnote-e92d9.appspot.com%2Fo%2Fgongjeong%252F467fd993-d4dd-4b8b-bd03-8856a12b6650%3Falt%3Dmedia&w=640&q=75,O
박로우,2024. 10. 13. 1:18,신촌 맛집 대현매운족발 이대 찐맛집 튀김족발 추천," * 내돈내산 후기입니다 *​​​​​ 한 입 먹고 감동했던 이대 찐맛집 추천.한 줄 요약 - 대현매운족발 ​​​올해 들어 여러모로 힘들었던 시절,나는 이대 근처에 있는 어느 족발집과 사랑에 빠졌다.  언젠가 튀김족발이 유행이던 때가 있었는데그 땐 제대로 맛볼 기회가 없었다가당시 자주 가던 지역에 꽤 유명한 전문점이있다는 걸 알게 되었고,친한 언니와 함께 저녁을 먹으러 가게 되었다.​한 입만에 내 인생 족발집으로 명명(?)했던 신촌 맛집,대현매운족발에 다녀 온 날에 대한 기록이 될 것이다.​​ 1. 외부   ​​[서울 신촌 맛집 '대현매운족발‘ 주소]서울 서대문구 연세로2길 95 1층.​2호선 신촌역 4번 출구로 나와큰길을 따라 쭉 걷다가 왼쪽 골목으로 들어가면,빨간색 외관이 인상적인 위 건물을 찾게 될 것이다.​​ 2. 내부    ​​매장 내부는 안에 들어와 보면 생각보다 넓다!우리는 이대 찐맛집 창가 앞에 있는원형 테이블에 자리를 잡고 앉았다.​테이블에는 각종 식기류와 냅킨,발골을 위한 스테인리스 통, 비닐장갑이 놓여 있었다.​​ 3. 메뉴판  ​​벽면에 부착되어 있는 신촌 맛집 메뉴판을 보고우리의 저녁식사가 될 튀김족발을 주문했다.​사실 원래는 작은 사이즈의 세트로 시킬까 하다가,사장님께서 둘이서 큰 사이즈는 먹어야 한다고말씀해 주셔서 바로 큰걸로 변경했다.먹는 것에 있어서는 말을 제법 잘 듣는 편이다. ^^    튀김족발막국수  ​ 4. 음식   ​​주문하고 얼마 되지 않고 곧바로 밑반찬 등장!​갓 구워진 노릇노릇한 전이 기본으로 제공되는 것부터우리는 놀라지 않을 수 없었다.고소하고 바삭한 게 배고픈 속을 달래기에 최적의 맛.순식간에 다 먹어치운 건 안비밀...  그 외에도 족발에 찰떡같이 어울리는 부추무침과무말랭이, 쌈장 등 각종 반찬과 소스들이 나왔다.​​   ​​이게 끝인 줄 알았는데 세상에, 어묵탕까지 나온다...!  기본 찬들로 만족한 게 얼마만인지 모르겠다.이래서 다들 이대 찐맛집 이라 말하는 구나 싶다.(다만 플라스틱 국자는 환경호르몬을 생각해서바꿔주셨으면 하는 마음을 살포시 더해본다)​​ 막국수  접기/펴기이대맛집 대현매운족발 신촌 튀김족발 맛집#이대맛집#이대족발#신촌족발#신촌맛집추천#튀김족발맛집#튀김족발  ​​본게임 전 먼저 나온 신촌 맛집 막국수.면발과 채썬 양배추가 한가득 나와서먹기도 전에 행복했다 ㅎㅎ  ​  ​​매콤달콤한 양념과 얇고 쫄깃한 면,아삭하게 씹히는 양배추까지 완벽한 조합이었다.​참고로 면이 냉면 면 느낌처럼 얇고 쫄깃해서채소가 많은 비빔냉면을 먹는 듯한데 오히려 좋았다.비냉과 족발 조합 역시 말해 뭐해이기 때문.(단호)​​ 튀김족발    ​​어디선가 어마어마하게 고소한 기름 냄새가솔솔 난다 했더니 곧바로 우리 테이블에 등장한 요리.바로 기다리고 기다리던 튀김족발이다...!  내가 이 신촌 맛집 튀족을 얼마나 먹고 싶었는지...그리고 이 때는 또 열량을 이래저래 엄청 소비하던시절이라 비주얼을 보자 마자 군침이 줄줄 흘렀다.​​  접기/펴기신촌 족발 맛집 대현매운족발 튀김족발 전문점#신촌족발#신촌역족발#신촌튀김족발#이대족발#튀김족발#매운족발 ​​말이 필요 없는 비주얼과 양의 튀김족발부터그 위에 가득 얹어진 양파튀김까지 캬...이건 뭐... 반해버릴 것만 같은...후 글을 쓰는 지금도 침이 너무 고여서 못살겠다.​우리는 한참 동안 이대 찐맛집의 족발을 보면서사진을 찍고 또 찍었다. ㅎㅎ​​   ​​바삭한 살코기 한 점 들어 입에 넣으면박수가 절로 나온다. ㅋㅋㅋㅋㅋㅋ또 족발에 마늘가루 혹은 양파가루가 뿌려져 있어감칠맛이 아주 기가 막혔다.  먹는 내내 이건 정말 우리만 먹고 있기 아깝다며먼저 보낸 일행이 아직 근처면 꼭 오라고연락을 계속 했던 기억이 난다.​​ 튀김족발 + 매운족발 반반    ​​너무 짜릿한 경험을 했던 이 신촌 맛집을결국 우루루 모두를 끌고(?) 회식 아닌 회식을 했다!  이번에는 전에 못 먹어본 매운족발도 함께반반으로 주문해봤는데 역시나 맛있었다.하지만 결국 내 원픽은 튀김족발...끝 없이 들어가는데 내가 왜이러는지 모를 지경이다.​​  ​​그렇게 신나게 부어라 마셔라 1차를 마쳤다.​덧붙여, 나는 신촌 맛집 튀족이 정말 맛있었으나취향에 따라 느끼한 걸 잘 못 드신다면몇 조각 못 먹고 물릴 수 있는 점 참고하시길!우리도 일행 중에 그렇게 느낀 사람이 있으니평소 튀긴 걸 잘 먹는다 하시면 도전해 보셔도 좋다.​​  ​​정말 너무너무너무 맛있게 먹었던대현매운족발.글을 쓰는 지금도 다시 먹고 싶어 미칠 지경...​바삭하고 고소한 맛이 일품인 튀김족발을보다 제대로 즐기고 싶은 분들은 반드시오늘의 이대 찐맛집에 와보셔야 한다고 장담한다.​​ 50m© NAVER Corp.더보기/OpenStreetMap지도 데이터x© NAVER Corp./OpenStreetMap지도 컨트롤러 범례부동산거리읍,면,동시,군,구시,도국가대현매운족발 본점서울특별시 서대문구 연세로2길 95예약 ​​- 신촌 맛집 대현매운족발 영업시간 -월 13:00 - 익일 01:00화 12:00 - 24:00수~토 13:00 - 익일 01:00일 12:00 - 24:00매달 1번째 일요일 정기 휴무  다음엔 또 뭘 먹을까?​​   ​ ","#이대찐맛집, #이대맛집, #이대맛집추천, #신촌맛집, #신촌맛집추천, #신촌찐맛집, #신촌족발, #서울튀김족발맛집, #튀김족발맛집",10,https://blog.naver.com/1616sm/223616696833,,X
사이클론,2024. 6. 19. 7:35,신촌 맛집 가정비 좋았던 한술식당 신촌점 후기,"​​안녕하세요~ 요즘 주로 한식을 먹고 있어서맛있는 점심을 즐길 곳을 찾다가, 근처에평이 좋은 한식 덮밥집이 있어서 방문했습니다.한식집 특유의 전통적이고 조용한 분위기와음식 맛도 좋았고, 양도 푸짐해서 만족스러운이곳 후기를 남겨보겠습니다.​​ 50m© NAVER Corp.더보기/OpenStreetMap지도 데이터x© NAVER Corp./OpenStreetMap지도 컨트롤러 범례부동산거리읍,면,동시,군,구시,도국가한술식당 신촌점서울특별시 서대문구 연세로4길 40 1층예약 한술식당 신촌점주소 : 서울 서대문구 연세로4길 40 1층전화번호 : 0507-1479-8267영업시간 : 11:00-21:30브레이크 타임: 15:00-17:00연중무휴 정상영업​​  비주얼 뿐만 아니라 양까지 다 갖춘 한술식당신촌점은 신촌역 3번 출구에서 350m 정도떨어져 있어 걸어서 4분이면 바로 도착할 수 있어요~ 신촌맛집 한술식당 주차는매장 바로 앞 유료주차장 또는 신촌역 주변공영주차장을 이용하시면 됩니다!​유료주차장 제휴는 되어있지 않고 주차비 지원이되지 않고 있으니 공영주차장 이용이 나을 것 같네요.​​​  신촌 맛집은 오전11시~저녁9시30분까지영업하고 있으며, 오후3시~5시는 브레이크 타임이랍니다! 라스트오더는 저녁9시로 방문 시참고하면 좋을 것 같아요. 피크 시간엔 가끔웨이팅이 있을 수 있어 조금 일찍 가서 여유롭게식사를 즐길 수 있었어요.​​​  도착하니 깔끔하고 정돈된 간판이 눈에 띄었는데,밥그릇이 형상화된 로고가 너무 귀엽지 않나요?​위치와 메뉴를 보면 주변 학생들과 직장인들에게모두 적합한 이곳은 신촌에서 드물게 맛 볼수 있는한식 덮밥 맛집으로 이미 친구들 사이에서신촌 맛집으로 소문나 있더라고요!​​​  특히 더워지는 요즘 세스코 멤버십에등록되어 있어 들어가기 전부터안심되는 느낌을 받아서 괜히 기분 좋았어요.​​​   짠! 내부는 단정한 인테리어로 한식집특유의 아늑하면서 조용한 분위기를느낄 수 있었어요. 이곳은 사장님도 매우차분하시고 친절하게 맞이해주셔서식사를 하기 전에 마음이 편안했답니다.​​​  톤다운된 노란빛 조명이 비춰서편안하고 따뜻한 느낌을 더해 주네요.​전통적이고 현대적인 감성 모두 공존하는이곳은 첫 방문임에도 불구하고단골이 된 것 같은 안락한 느낌을 주었어요.​​​  매장 안 좌석을 보면 2인석부터 4인석,바 테이블까지 골고루 구성되어 있어혼밥도, 데이트 장소로도 적합할 것 같아요.각 테이블에는 키오스크가 비치되어 있어편하게 주문이 가능하고, 모든 자리가청결하게 유지되어 있어 만족스러웠어요.​​​  신촌 맛집 벽면에는'한술식당의 맛의 비법'이라고 적혀 있었어요.​하나, 24시간 이상 쌀뜨물에 숙성된신선한 고기를 직화불로 불맛을 더함​둘, 국내산 자연 고추가루 사용으로계절마다 조금씩 다른 매운 맛​셋, 직접담근 수제피클과 매일 아침73도 물에 수비드한 수란까지​사징님의 섬세한 손길이 느껴집니다.​​​  신촌맛집인 이곳은 대한민국 쌀 품종인신동진을 사용하여 다른 쌀보다 1.3배 커서식감이 좋다고 합니다. 신동진 쌀을현미유로 코팅하여 매일 아침 저녁으로밥을 짓는다고 하니, '음식은 정성'이라는 말을대변하는 곳이 아닌가 싶더라고요.​​​   진정한 덮밥을 제공한다는 신촌 맛집은모든 메뉴가 주문과 동시에 조리되고 있고매장이 바쁜 시간대에는 조금 기다릴 수도 있다고안내가 친절하게 적혀 있었습니다.​주문을 하려고 하니, 조그만 투명 통에머리끈이 들어있는 것을 보았는데여성 손님들이 편하게 드실 수 있도록배려한 세심함이 돋보였습니다.​​​  본격적으로 메뉴를 맛보기 위해친구와 메뉴판을 자세히 살펴보았는데요.한술식당은 곱창 덮밥이 원조, 마라, 치즈 등으로제공하고 있어 취향에 맞게 선택 가능하고,간장삼겹살, 간장닭고기 등 다채로운 메뉴가 있어선택하는데 고민을 좀 하였답니다.​​​  긴 고민 끝에 선택했던 메뉴 덮밥은간장삼겹 덮밥 이었는데요!푹 잘익은 삼겹살과 달달 짭짤한 간장소스의조화로운 맛이 인상적이었어요.​여기에 같이 나온 와사비를 살짝 곁들이니환상적인 맛 이었습니다. 함께 나온 장국,아삭한 식감의 양배추 피클, 그리고탱글탱글 촉촉한 수란도 함께 준비되어있어서 정말 만족스러웠습니다.​​​  친구는 곱창 덮밥을 주문했는데이것도 정말 맛있어 보이더라고요.​덮밥은 깔끔한 한상으로 서브되어호사스러운 기분을 느끼게 해주었습니다.​신촌맛집 한술식당은 밥 소스가 모자라면무료로 추가가 가능해 좋았는데요.기본으로 제공되는 양도 충분히 많아서저렴한 가격으로 푸짐하게 한끼를먹을 수 있어 가성비 맛집 이었어요!​​​  김치 대신에 나온 아삭한 수제 피클은만족감을 더해줬습니다.평소에 피클을 잘 안먹는 사람이라도맛있게 즐길 수 있는 훌륭한 맛 이었어요.​직화불로 구워진 곱창은 불맛으로 맛이더 살아났고, 곱창 전문점과 비교해도훨씬 가성비 좋게 이곳에서 푸짐하게즐길 수 있었서 좋았습니다.​​​  국산 고추가루가 들어간 곱창 덮밥은전혀 텁텁하지 않고 매콤한 맛으로중독성이 있었어요.​잡내도 없고 쫄깃쫄깃한 곱창으로친구가 숨도 안쉬고 열심히먹는 모습에 괜히 뿌듯했어요ㅎㅎ​기본 제공인 수란도 촉촉하고 부드러워서부모님을 모시고 오고 싶다는 생각이 들어바로 조만간 재방문할 계획이에요!​​​  이곳은 진정으로 아낌없이 재료를 푸짐하게사용하기 때문에 어떤 누구와 와도만족스럽게 식사를 즐길 수 있을 것 같아요.​식사 중에 손님이 갑자기 몰려서 매장이붐비기도 했었는데, 그 바쁜 중에도직원들이 차분하게 안내도 잘 해주시고,사장님도 친절하셔서 식사 내내불편함을 못 느꼈습니다.​​​  주문 즉시 조리된다고 해서 많이 기다릴 거라생각했는데, 기대보다 더 빨리 나와서혼밥하러 와도 기다릴 부담없이 괜찮을 것같더라고요. 역시 사람들이 많이 찾아오는 이유는있다는 것을 한술식당을 보고 알 수 있었어요.​​​  신촌역 맛집 신촌 맛집을 찾을 때 어디로 갈지고민하지 않고 바로 이곳 먼저 떠오를 것 같아요.혼밥도 부담없어서 든든한 한끼를먹고 싶을 때 꼭 한술식당을 방문해보세요!​​​ 접기/펴기신촌맛집신촌 맛집 한술식당 추천#신촌맛집 ​​​​​감사합니다^^ ","#신촌맛집, #신촌역맛집, #신촌덮밥, #신촌가성비맛집, #연대맛집, #한술식당신촌점",74,https://blog.naver.com/kh6786/223484047092,,X
웅코,19시간 전,"[신촌 맛집] 애슐리퀸즈 현대유플렉스 신촌점ㅣ신촌 뷔페 애슐리퀸즈 가격, 웨이팅 정보","  안녕하세요, 웅코입니다@이전에는 신촌에 애슐리가 있었는데,없어진 거 보고 너무 놀랐지뭐에요..?근데 이번에 굉장히 따끈따끈하게!!!11월 29일에 유플렉스에 오픈했더라구요!저도 소문으로만 들었는데 ㅋㅋㅋ오픈한 지 일주일이 좀 넘은 오늘,드디어 방문했습니다~  음식 종류에 눈이 휘둥그레~""애슐리퀸즈 현대유플렉스 신촌점"" 매장 정보 50m© NAVER Corp.더보기/OpenStreetMap지도 데이터x© NAVER Corp./OpenStreetMap지도 컨트롤러 범례부동산거리읍,면,동시,군,구시,도국가애슐리퀸즈 현대유플렉스 신촌점서울특별시 서대문구 연세로 13 11층예약 10:30~21:00(유플렉스 휴무일에 함께 휴무)☎ 0507-1380-6526신촌역 2번출구에서 도보 1분단체석  애슐리퀸즈 현대유플렉스 신촌점 구경하기 신촌 현대백화점 맛집 퇴근 후에 갱쓰와 함께유플렉스까지 걸어가서 엘리베이터를 탔어요 ㅋㅋ11층에 위치하고 있어서, 에스컬레이터로는너무 오래걸릴 것 같은 느낌ㅋㅋ​근데엘리베이터를 타고 올라가면,뒷문으로 도착하거든요...?!그래서 뷔페를 통해 다시 ㅋㅋㅋ정문으로 이동했습니다. 신촌 현대백화점 맛집 애슐리퀸즈 정문에서 바로 손님들이 먹고 있는 모습이 보임!근데 앞에 사람들이 줄을 서 있어서...웨이팅인줄 알고 놀랐으나 ㅠㅠ(어서 웨이팅 등록해야하는거 아니냐며,초조해하던 갱쓰..ㅋㅋㅋㅋ)다행히도 그냥 순차적으로 입장 중이었어요! 신촌맛집 애슐리퀸즈 신촌 가격표 가격에 대해서도 안내되어 있었습니다.성인 기준으로,평일 런지 19,900원평일 디너 25,900원주말, 공휴일 27,900원입니다!!뷔페를 이 가격에 즐길 수 있다니.. 합리적!! ㅠㅠ  저희는 B구역에 안내받았구요 ㅋㅋ이렇게 창 밖이 보이는 창가석이었으나..밤에는 창가가 그리 의미가 없네요..ㅋㅋ왜냐면 내 얼굴밖에 안보임ㅋㅋ그래도 연대의 거대한 트리는 보이더라구요 ㅋㅋ진짜 큰 트리를 설치해뒀군.. 신촌 현대백화점 맛집 애슐리퀸즈 프로모션 지금은 애슐리퀸즈에서시즌한정으로스테이크랑 와인까지 페어링하는데...오늘은 뷔페만 즐기기로 했어요 ㅋ  실사를 하고 있다는 의미로이렇게 귀여운 원반을 사용하는데요 ㅋㅋ앉마자 바로 식사중으로 냅다 돌려버림 ㅋㅋ열심히 먹을거거든요!​굉장히 다양한 음식들을...바로 구경하시죠 ㅋㅋ 파스타 피자 일단 파스타와 피자류가 있습니다.피자가 역시 인기가 많아서 그런지고르곤졸라 피자가 비어있더군요...결국 나중에 먹긴 했지만.. 첨엔 눈물 ㅋㅋ파스타도 종류가 4가지나 됩니다.    그릴 가장 사람이 몰려있던그릴존!!!말 그대로 구운 음식류가 있었는데요.포크찹, 립, 불고기 등등 고기류도 많았는데그린빈, 감자, 양파같은 채소도 많았어요.특히 양파같은 경우에는옆에 있던 또띠아에 싸 먹는 것 같았어요!소스도 종류가 많았구요~ 한식 갱쓰가 바로 달려간 한식류 ㅋㅋㅋ김치와 매콤한 비빔국수같은 음식이많이 있었습니다. 샐러드 바로 지나쳐간 샐러드.. 헤헤나중에 다시 와서 콘샐러드만 가져감..ㅋㅋㅋ저에게는 아직 샐러드는 어렵습니다.. 후후  뚜껑이 덮여 있어서 잘 안보이시겠지만..ㅋㅋ떡볶이나 감자튀김 등등인기메뉴가 모여있던 코너였어요! 국 그리고 추운 겨울...뜨끈하게 몸을 데워 준 국과 죽도4가지가 있었습니다.좀있다가 국 추천해드릴게요 ㅋㅋ  또 하나의 인기 코너!!스시코너입니다 ㅋㅋㅋ종류가 많았는데 제가 사진 찍을 때많이 비어있었던 거 같아서 아쉽....  그리고즉석코너입니다 ㅋㅋ쌀국수, 우동, 메밀면을띵~하고 종을 치면바로 만들어주세요 ㅋㅋㅋ  그리고 한 쪽에 놓여있던 주스류..주스보다는 탄산파여서 먹지 않음..  제일 많이 들락거린 음료코너..ㅋㅋㅋ이상하게 퇴근 후에는 탄산이 당겨요!저만 그런가요? ㅠㅠ  6가지나 되는 종류가 있던 티!  그리고 과일류입니다 ㅋㅋㅋ통망고와 사과, 패션후르츠 등등과일 종류도 많았습니다.   음료쪽 앞에 있던 디저트!제가 진짜 좋아하는 와플 ㅠㅠㅠ심지어 크로플도 먹을 수 있더라구요.저는 물론 길거리와플파입니다 ㅋㅋ    애슐리퀸즈 하면.. 역시 케이크잖아요?따로 판매도 하는 거 아시죠..?진짜 군침이 도는 케이크류가 가득해서..처음부터 디저트를 집어갈뻔했어요 ㅋㅋ 접기/펴기애슐리퀸즈 신촌#신촌맛집#신촌현백맛집#현대백화점맛집#신촌뷔페신촌 애슐리퀸즈 구경하기 이제 구경은 충분히 마쳤으니..바로 욕심껏 담아가서 먹어볼게요 ㅋㅋ 애슐리퀸즈 현대유플렉스 신촌점 맛보기  저보다 먼저 빠르게 담아온갱쓰의 접시입니다 ㅋㅋㅋㅋ회와 한식 위주의...ㅋㅋㅋ그녀다운 접시 ㅋㅋ   그리고 이게 저의 첫 번째 접시들입니다.. 후후야무지게 담아왔죠?ㅋㅋㅋ이렇게 담아온 것 중에 저는 정말...경상도식 소고기무국이... 감동..칼칼하고 뜨끈한 국물!!!경상도식인 것도 맘에듭니다 ㅋㅋㅋ전체적으로 슴슴한 느낌이긴 하지만그럼에도 따끈하고 좋았어요​그리고파스타가 정말 맛있어요!!제가 가져온 뒤에 나중에 먹어서조금 식었음에도 진짜 맛났습니다.양식맛집 인정  그다음에는 노리고 있던고르곤졸라 피자를 가져왔어요.피자가 진짜 역시.. 고소달콤짭짤..고르곤졸라 피자는 꼭 드세요! ㅋㅋ그리고 갱쓰가 사랑하는 전복내장죽 ㅋㅋ김이 폴폴 나는게 속이 든든해집니닷 ㅋㅋ  회코너에서는 연어를 추천드립니다 ㅋㅋ전혀 비리지 않고 너무 맛있어요!그리고스시에는 고추냉이가 들어가 있지 않아요!그러니 꼭 따로 가져오세요~  그리고 생새우초밥도 탱글하고 맛있었습니다.그리고 진짜 매 접시마다 가져온...그릴코너의 감자 ㅠㅠㅠ겉이 바삭하고 속이 포실하고...소스를 얹어 오면 또 크림소스 맛도 나면서..진짜 완전 제 스타일이에요 ㅠㅠ  애슐리퀸즈는 국류가 찐인데 ㅋㅋㅋ홍합탕은 시원~하고미역국은 짭쪼름~합니다 ㅋㅋ그리고 사진은 없지만,갱쓰 왈,글램차우더 스프가 굉장히 진하대요 ㅋㅋ너무 좋다고 연신 둘러마심 ㅋㅋ  그리고 갱쓰의 마지막 접시 ㅋㅋㅋ욕심...케케그리고 역시 빠지지 않는 한식과 초밥의 조합 ㅋㅋ​이렇게 다 먹고 난 다음에는이미 배가 솔직히 부른데도 불구하고..절대 디저트 지켜....  넘나 욕심껏 가져와버려서좀 민망하네요.. 케케  제가 너무 사랑하는...와플도 만들어왔어요우바삭하고 달콤합니다...역시 길거리스타일 와플에는생크림+사과잼이 최고에요!! 저 믿고 드셔보세요 ㅋ  그리고 저 티라미수 케이크.....저거 진짜 한 판 먹을 수 있어요!!넘나 부드럽고 진합니다.피스타치오케이크는 시트가 포실했는데티라미수케이크는 더 촉촉해요 ㅋㅋ그리고 갱쓰의 원픽은 바크스치즈케이크..아주 꼬소하고 진득~하대요 ㅋㅋㅋ  마지막은 과일류 ㅋㅋㅋ망고는 저는 별로 좋아하지 않아서갱쓰가 먹었구요 후후패션후르츠가 살얼음이 살짝 얼어있는데새콤한 아이스크림 먹는 느낌이어서 맛있었어요!  다 먹은 접시는 직접 가져다 두거나,직원분들이 치워주시거나 ㅋㅋ혹은 이 콜벨을 누르면?!  이녀석이 와서 바로 수거해갑니다 ㅋㅋㅋ진짜... 똑똑하긴 한데 ㅋㅋㅋ길막함 ㅋㅋㅋㅋ녜.. 비켜드릴게요 기계님 ㅋㅋㅋ일하시느 중이니까!  마무리  다 먹고 나서는 ㅋㅋ이렇게 식사완료로 야무지게 돌려두고 나왔습니다!​오랜만에 애슐리퀸즈에 왔는데여전히, 그리고 더 맛있어져서 좋았구요 ㅋㅋ가까운 곳에 다시 생겨서 넘나 좋음!!!  ​ ","#애슐리퀸즈현대유플렉스신촌점, #신촌애슐리퀸즈, #신촌애슐리, #신촌뷔페, #애슐리, #애슐리퀸즈, #신촌맛집, #신촌현대백화점맛집, #신촌현백맛집, #신촌백화점맛집, #신촌역맛집, #신촌역양식, #신촌무한리필, #신촌애슐리퀸즈추천, #신촌현대백화점맛집추천",9,https://blog.naver.com/bmn63499/223683979183,https://www.revu.net/campaign/img.php?p=790ebab5dd932f311c9a3ba48e30bd400e8468f93cc655f5783956bbf54dec3f&v=4,O
통네코,2024. 9. 20. 18:42,신촌 맛집 소고기무한리필 샤브샤브뷔페 로운 신촌점,"신촌 맛집 소고기무한리필 샤브샤브뷔페 로운 신촌점  ""소고기무한리필 가능한 신촌 샤브샤브 맛집""글, 사진 / 통네코  ​  ​​안녕하세요 통네코입니다평소에 저는 1인샤브샤브부터 뷔페식까지 다양하게 가보았는데요이번에는 소고기무한리필도 가능한 로운 샤브샤브를 방문해보았답니다안그래도 요즈음에 고기랑 야채섭취가 부족했는데이번에 고고싱하기로 했답니다​​​ 50m© NAVER Corp.더보기/OpenStreetMap지도 데이터x© NAVER Corp./OpenStreetMap지도 컨트롤러 범례부동산거리읍,면,동시,군,구시,도국가로운 샤브샤브 신촌점서울특별시 마포구 신촌로 94 그랜드프라자 4층예약 ​​  ​​​ 로운 샤브샤브 신촌점 셀프착석 매장  ​​요즈음에는 키오스크가 보편화되면서여기 신촌 맛집 로운 샤브샤브 이용하는것도키오스크에서 셀프로 결제해서 자리 배치되어있는 곳으로 찾아가서셀프로 착석하는 시스템이랍니다​​​  ​​​디너/공휴일이 런치에 비해 가격이 조금 있긴한데가짓수가 조금더 나오기때문에 이왕이면 디너로 먹는게 나을것같아서저는 주말 디너로 왔답니다​​​  로운 샤브샤브 가격표평일 점심 19900원디너/공휴일 25900원초등학생 12900원미취학 7900원반반냄비 +1000원냄비교체 +1000원 이번에 버섯스키야키 육수도 새로 나왔다고해서버섯왕창넣고 먹다가 우동사리 넣어서 먹으면코스요리 즐기기 좋다해서+1000원 추가해서 반반냄비로 변경했어요​​  ​​카스와 청하랑도 같이 판매중이니건강하게 야채랑 고기랑 술한잔 곁들이면 좋을것같아요​​​  ​아래와 같이 금액 이용별로 주차시간이 제공되니따로 여기저기 주차해서 이동하는 번거로움이 없으니 좋더라고요​3만원 이하 / 1시간3만원 이상 / 2시간5만원 이상 / 3시간​​ 빈그릇 챌린지, 지구야 사랑해!  ​​지구를 사랑하는 마음으로 빈그릇 사진을SNS에 올리면 추첨을 통해 식사권을 제공해준다고 하니밑에 인스타링크에서 자세한 사항을 참고해보세요​​ 로운 샤브샤브ㅣ𝗟𝗼𝘂𝗻 𝗦𝗵𝗮𝗯𝘂 𝗦𝗵𝗮𝗯𝘂(@loun_official) • Instagram 사진 및 동영상팔로워 3,830명, 팔로잉 7명, 게시물 72개 - 로운 샤브샤브ㅣ𝗟𝗼𝘂𝗻 𝗦𝗵𝗮𝗯𝘂 𝗦𝗵𝗮𝗯𝘂(@loun_official)님의 Instagram 사진 및 동영상 보기www.instagram.com ​  ​​   ​​​처음에 뭘 해야할지 모르겠다면테이블에 있는 이용방법을 보고 참고해보세요​​​   ​​이번에 스키야키 소스가 나와서 바로 육수코너로 달려갔더니정말로 새로나온 스키야키 육수가 있더라고요거기에 쓰촨 마라 육수까지 있다니선택폭이 넓어서 완전 제스타일!!​​ 즉석에서 썰어내는 육즙 팡팡 고기를 무한리필로!   ​​​고기는 제가 좋아하는 호주산 우목심에우양지를 즉석에서 막 썰어내고 계셨어요부족하면 바로바로 채워주셔서엄청 신선했어요​​​  ​​​여기 로운샤브샤브가 좋은점은애슐리처럼 이렇게 샐러드바가 있는데다채롭게 음식을 즐길수가 있다는 큰 장점이있답니다다양한걸 조금씩 여러개를 먹는걸 좋아하는 저에게는완전 취저!!​​​  ​​요즘같은 환절기 날씨에 잘 어울리는고소한 들깨버섯죽이랑달달한 단호박 스프도 있었어요​​​  ​​계란볶음밥이랑레스토랑에서 먹을수있는트러플 감자뇨끼까지!완전 한식 양식 다양하게 있네요​​​   ​​분식스타일로 떡볶이랑 김말이랑콩나물잡채랑 완전 바삭하고 달콤한 감자칩까지!아이들부터 부모님까지 전 연령대 커버 가능한세미샐러드바가 있어서 가족끼리 외식오기도 좋겠네요​​​ 샤브샤브 야채 코너    ​​​제가 제일 좋아하는 야채코너인데요제가 좋아하는 버섯종류가 다양하게 있었어요팽이 새송이 느타리 은이 목이 표고저거만 넣고 버섯 샤브만 먹어도 너무 행복할것같아요​​​  ​​​월남쌈코너도 있어서라이스페이퍼 익혀서 야채도 쌈싸먹을수 있답니다​​​    ​​​삶아진 소면도 있어서열무김치랑 계란지단올려서시원한 육수 올려 김치말이국수도 즐길수있어요​​  ​  ​​​샐러드바도 구경해봤으니 이제 본격적으로 신촌 맛집 로운 샤브샤브에서소고기무한리필 즐겨봅시다!저는 야채육수와 스키야키육수 이렇게 반반 했답니다스키야키육수가 생각보다 달달하더라고요맨처음에는 일본식으로 소고기 볶다가 야채넣는 시도를 해보려고 했으나탈것같아서 언넝 육수를 부었답니다​​​  ​​​고기가 무한이니까 눈치볼 필요없이 막 퍼와서완전 원없이 먹을 수 있으니 너무 행벅근육들아 먹고 무럭무럭 자라렴​​​  ​​​생각해보니까 소스를 안만들어왔더라구요소스코너에도 셀프로 만들어 먹을 수 있어요간장와사비랑 땅콩이랑 칠리 이렇게3종류를 퍼왔답니다​​​  ​​야채 무한에 고기가 무한이라먹어도 먹어도 줄지 않으니까 너무 좋더라고요밖에서 둘이서 샤브 먹으면 3만원정도 하는데여기는 완전 무한으로 샐러드바에 디저트에 커피 아이스크림 싹다코스로 한방에 해결가능하니 완전 갓성비 혜자!​​​  ​​중간에 셀프바 한번 더 구경갔는데치킨이랑 뇨끼를 갓 만들어냈더라고요!역시 뜨끈하게 막 만들어낸게 맛있더라고요​​  ​​​마라샹궈도있고 들기름간장비빔국수도 가져오고샤브에 넣어먹을 다양한 토핑도 가져왔답니다소세지랑 어묵볼이 4종이나 있길래 눈이 돌아가더라구요​​​  ​​​오는길에 고기 3종도 쓰윽하고 가져왔답니다​​​  ​​첫번째 샤브는 버섯탕먹고두번째에는 초록탕먹어주니클린하게 배채운거같아서 완전 뿌듯!!​​ 후식으로 과일과 케이크 / 와플 / 아이스크림 다양하게!   ​​후식으로 요거트랑 젤리랑과일이랑 케이크가 있더라구요왠만한 뷔페급으로 다양하게 구비되어있어서정말 완전 갓성비 완벽하더라구요​​​  ​​에스프레소머신도 있어서 아메리카노도 먹을수있고옆에 음료디스펜서도 있어서 탄산도 무한정으로 즐길수있어요​​​  ​​​옆에 와플기계도있길래 한번 구워 먹었는데너무 바삭하고 고소하고 맛있어서두번 구워먹었네요오랜만에 샤브샤브뷔페 소고기무한리필 제대로 턴거같아서 너무 기분이 좋네요신촌 맛집 인정!!​​​ 신촌 맛집 소고기무한리필 샤브샤브뷔페 로운 신촌점 ​  ​ ","#신촌맛집, #소고기무한리필, #신촌샤브샤브뷔페, #로운신촌점, #로운샤브샤브, #스키야키, #지구야사랑해, #빈접시인증, #로운환경캠페인",25,https://blog.naver.com/be-focus/223590300913,https://www.revu.net/campaign/img.php?p=2bfabc8c56e56c399d99f8008b0f45ada942ecc02b61dc4664417179f055335c&v=4,O
유임호,9시간 전,신촌 맛집 에일크루브루잉 신촌점," 50m© NAVER Corp.더보기/OpenStreetMap지도 데이터x© NAVER Corp./OpenStreetMap지도 컨트롤러 범례부동산거리읍,면,동시,군,구시,도국가에일크루브루잉 신촌점서울특별시 서대문구 연세로11길 34 지하1층, 지상1~2층 에일크루브루잉 신촌점예약   신촌 맛집 에일크루브루잉 신촌점은 원래 에일크루브루잉 양조장이 있던 곳을 술집으로 개조한 곳이다. 1층이 옜 양조장 자리로 원래 이곳에 있던 양조장은 지금 당산동으로 이전하고 지금은 전층을 술집으로 사용하고 있단다. 신촌 맛집 에일크루브루잉 신촌점은 연세대 대학가 먹자골목에 있는데 이 근방에 주차할 곳은 마땅치 않으니 걸어오는 것을 추천한다.   좁은 계단을 올라가면 1층과 2층 사이에 베란다 좌석이 있다. 날씨가 따뜻할 때 여기서 한잔해도 좋을 듯... 지금은 밖에서 마시기에는 날씨가 너무 춥다.  카운터가 있는 2층이다. 맥주탭에는 에일크루 브루잉의 다양한 생맥주가 준비되어 있다. 신촌 맛집 에일크루브루잉 컴퍼니는 미국스타일의 IPA 전문 맥주 양조장이다.    신촌 맛집 에일크루 브루잉에서 팔고 있는 병맥주와 캔맥주 냉장고도 담아본다. 병맥주는 매장에서 주문할 수 있는 세계맥주고 캔맥주는 에일크루 브루잉의 다양한 생맥주를 캔에 담은 것이다. 신촌 맛집 에일크루 브루잉의 캔맥주는 선물용으로도 좋다.   1층은 길다란 단체석이다. 여기는 아예 에일크루 브루잉 캔맥주를 자판기로 팔고 있네...   여기는 3층...  에일크루 브루잉 신촌점은 11시 반부터 영업하는데 점심시간에는 점심메뉴인 햄버거도 주문할 수 있다. 오후에는 좀 한산한 편이지만 저녁시간 부터는 손님이 많아진다고... 예약은 네이버 예약을 이용하면 편리하다.    주문은 테이블마다 설치되어 있는 터치스크린 태블릿을 이용한다. 첫번째 카테고리가 에일크루 브루잉의 생맥주로 맥주마다 상세 정보가 적혀있다.  생맥주 다음의 안주메뉴인데 맥주와 잘 어울리는 피자가 처음으로 나온다. 에일크루브루잉의 피자는 치즈를 두껍게 올리는 디트로이트 피자다. 피자 역시 상세 정보가 있으니...  와인과 음료, 병맥주도 다양하게 준비되어 있는데 에일크루 브루잉에서 파는 맥주는 다른데서는 쉽게 볼 수 없는 프리미엄 맥주들이다.  에일크루 브루잉은 늘 신메뉴 생맥주가 나오기 때문에 언제 가도 새로운 맥주를 시도해볼 수 있다. 첫번째로 주문한 맥주도 신메뉴인 골든마카우 더블헤이지 IPA로 IBU 65인 상당히 쓴맛이 강한 맥주로 도수도 다소 높은 편인 7.6%다. 시트러스 계열을 기본으로 파파야, 살구, 멜론의 다채로운 홉 캐릭터의 풍미가 중후하고 묵직한 무게감이 매력이다.   골든마카우 더블헤이지 IPA를 마시는 사이 주문했던 피자가 나왔다. 에일크루브루잉의 피자 중에서 가장 기본이라 할 수 있는 클래식치즈 디트로이트 피자로 두툼한 사각형 피자다. 다양한 토핑에 따라 피자 종류가 나뉘는데 맥주와 함께 먹기에는 이 클래식 치즈 디트로이트피자가 가장 무난하다.  디트로이트피자는 두툼하면서 기름기가 많은 미국식 피자의 전형이다. 한때 국내 프랜차이즈를 대표하던 피자헛과 상당히 비슷한 모양으로 두툼하면서 푹신한 도우, 그리고 그 위에 두껍게 토핑으로 올려진 모짜렐라치즈와 체다치즈의 고소하면서 짭짤한 맛이 씁쓸한 에일 맥주와 궁합이 정말 좋은 편이다 .  부담없이 마시기에는 라거 맥주가 좋다. 두번째 장닌 프리미엄 라거는 4.6%의 낮은 도수, IBU 14로 쓴맛이 약해 부드럽게 넘어가는 맛이 특징이다. 카스나 테라 같은 병맥주들의 IBU가 24~25정도이니 얼마나 쓴맛이 약한지 알 수 있을 듯... 프리미엄 라거는 70일 이상의 숙성과정을 거쳤다고 한다. 가격에 비해 양도 많은 편이라 가성비는 가장 좋은 편이다. 에일크루 브루잉 신촌점 ​ ","#신촌맥주, #신촌피자, #신촌맛집, #에일크루브루잉",9,https://blog.naver.com/ihyoo1/223673408615,https://dinnerqueen.net/reviews/image/663646_footer.jpg,O
보노보노,2024. 11. 24. 10:30,"[내돈내산] 내겐 너무 매웠던 신촌 맛집, 호탕마라탕","50m© NAVER Corp.더보기/OpenStreetMap지도 데이터x© NAVER Corp./OpenStreetMap지도 컨트롤러 범례부동산거리읍,면,동시,군,구시,도국가호탕마라탕서울특별시 서대문구 연세로7안길 14 2층예약 ​ 영업시간월~토 11:30 ~ 21:30브레이크타임 15:30 ~ 16:30 ​​​ 전화번호0507-1321-8379 ​​​날씨가 추워지니까 갑자기 마라탕이 땡겼다(사실 마라탕은 사시사철 땡김)지금 결혼 50며칠 앞둔 예비신부가 먹을 음식은 아닌데....이번주에는 어쩔 수가 없었다(?)​​​날씨가 갑자기 너무 추워져서 뜨끈한 국물이 땡겼음그래서 찾아간 곳은 신촌 맛집 호탕마라탕이었다다른 마라탕집에 가려고 했더니 세상에 웨이팅이 있어요...?🙄여기도 까딱 늦었으면 못 먹었을 뻔함​​​  ​호탕마라탕은 2층에 있어서 계단을 올라가야 한다매주 일요일은 정기휴무라고 하니 참고하기!​​​   ​호탕마라탕에서는 낮에 방문하면 이벤트에 참여할 수 있다고 한다애석하게도 난 저녁 때 가서 이벤트에는 참여하지 못했다​​​  ​호탕마라탕 메뉴판나 혼자 가서 만두는 못 먹었지만 다음번에 누군가와 함께 가면 만두도 꼭 먹어볼 것이야​​​  ​실한 재료가 많았던 신촌 맛집 호탕마라탕​​​   ​꼬치와 배추, 양배추, 청경채, 버섯류, 옥수수면, 중국당면, 분모자, 연근분모자 등 내가 좋아하는 재료가 많았다​​​매운 단계가 2.5단계가 신라면 정도라고 해서 3으로 주문했는데 너무 매워서 먹기가 힘들 정도였다 ㅠㅠ이 할미는 사골국물이나 먹어야 하나벼​​​이것저것 담은 뒤에 소고기도 추가했는데(3,000원) 소고기에서 약간 냄새가 나서 실망했다​​​  ​물과 그릇, 소스, 단무지를 가져가는 것은 셀프였다​​​  ​마라탕이 나오기를 기다리는 동안 마장소스를 제조했다마유와 마늘, 중국식초를 담아 나만의 소스를 만들었다저것마저 없었으면 마라탕 다 못 먹었을듯....​​​  ​짜잔본식 50며칠 남은 신부께서 드신 식단(?)사진 보니 제정신인가 시포요^^​​​아니 근데 너무 매워서 계속 기침이 났다속도 아팠다ㅠㅠ 우씨 무슨 신라면이 이렇게 매워요나 같은 맵찔이는 1.5단계나 먹어야겠음​​​살면서 이렇게 매운 마라탕 처음 먹어봄ㅋㅋㅋㅋㅋ마라엽떡보다도 매움ㅋㅋㅋㅋㅋㅋㅋㅋㅋ얼얼한 단계는 1단계로 해서 오히려 얼얼함보다 리얼 매움이 느껴졌던 마라탕​​​  ​마장 소스 찍어먹어서 그나마 나았다....아니었으면 진짜 새로 조리해달라고 했을지도 엉엉다음번엔 마일드한 맛으로 먹어보고 싶다​​​ ","#신촌맛집, #신촌마라탕, #신촌마라샹궈, #연대맛집, #연세대, #연대마라탕, #연대마라샹궈, #마라탕맛집, #서울마라탕맛집, #서울평점높은마라탕",9,https://blog.naver.com/4rmqbonobono/223671044569,,X
율재,2024. 11. 4. 11:32,신촌 맛집 초밥 또 생각나는 스시도쿠,"오랜만의 신촌, 신촌은 언제나 활기가 넘치는 동네라 좋다. 여러가지 팝업스토어도 하고있고 볼거리 즐길거리 뭐니뭐니해도 먹거리가 다양해서 최고 !​그 중에 오늘은 맛있는 숙성회가 올려진 스시를 만날 수 있다는 신촌 맛집 초밥이 맛있는 스시도쿠로 향했다.​  스시도쿠 현대백화점 신촌점서울특별시 서대문구 신촌로 83 신촌점 10층 신촌 맛집 초밥은 스시도쿠​영업시간​매일11:00 - 21:00​마지막 주문20:30​주차 2시간 무료예약, 포장, 단체 가능 / 콜키지 (유료) ​신촌 현대백화점 10층 식당가에 위치한 신촌 맛집 스시도쿠.​왕십리 본점에서 여러 분점을 내면서 현대백화점까지 들어오게 되었다면 이미 맛집으로 인정되었다는 뜻!​스시면 스시, 스키야키면 스키야키! 여러가지 일식메뉴들이 한국스타일과 만나 든든한 한끼 한상이 차려지는 곳이다.​  ​스시도쿠에 도착하면 제일 먼저 해야할것은 바로 대기!!​인원수를 선택하고 핸드폰 번호를 등록하면 카카오톡으로 순서를 알려준다. 옆 쪽 의자에 잠깐 앉아서 쉬어도되고 볼 일이 있다면 잠시 내려가서 백화점 구경을 하고와도된다.​   ​식사시간 이후에 간 터라 대기는 없겠지 했는데..앞으로 2팀이 더 있었다. 신촌 맛집이니 이 정도야 뭐앞 쪽에서 메뉴들을 살펴볼 수 있었는데 보기만 해도 배부르게 생긴 한 상을 미리 만날 수 있었다.​어떤 메뉴를 먹을까, 즐거운 고민 ㅎㅎ​    ​내부는 나무톤의 인테리어로 깔끔하면서도 따뜻한 느낌을 받을 수 있었다. 주방이 개방되어있어서 음식을 준비하는 모습을 볼 수 있기때문에 신뢰가 가는 곳이다.​    ​테이블에 앉아 태블릿으로 주문을 할 수 있었는데 메뉴와 메뉴설명도 잘 되어있어서 살펴보고 주문하기 좋다.​여러가지 행사들을 많이 하고있어서 이벤트에 참여만하면 초밥을 더 받을 수도 있으니 참여하는것도 좋겠다​  인생은 라이브스시도 라이브 귀여운 문구와 함께 젓가락과 붓이 들어있다. 붓은 간장 발라먹는 붓이겠지​  ​드디어 등장한 가이세키 19품 정식.14품, 17품, 19품으로 나뉘어져있는데 원하는 양에 따라 선택하면된다.​    신촌 맛집 초밥 한상, 가이세키 19품 정식33,900원 가이세키 19품 정식에는 특품스시 11p, 수제 차완무시, 왕새우 덴뿌라, 가라아게, 피꼬막숙회, 저염 멘타이코, 연근조림, 양배추사라다, 단호박 사라다 구성이다.​  ​가이세키정식에서 만나는 특품스시는 혼마구로(참다랑어) 대뱃살, 8미 자포니카 민물장어, 타락안키모 군캉(아귀간 군함), 농어, 다시마로 숙성한 완도산대광어, 다시마로 숙성한 노르웨이 수페리어등급 연어, 세마리 단새우, 달달큼직 랍스터 새우, 쫀득 이까 구성으로 다양한 초밥을 맛볼 수 있는것이 특징이다.   ​간장종지에 간장을 따라 붓으로 원하는만큼 간장을 발라 먹으면 되는데 초밥 위에 올려진 회들이 다 오동통하다.특히나 숙성이 되어있기때문에 그 쫄깃하면서도 묵직한 식감이 아주 일품이었던 스시도쿠 가이세키 정식이었다.​  ​차완무시는 일본식 계란찜을 말하는데 굉장히 부드럽고 아래쪽에는 은행과 새우가 들어있어서 씹히는 식감도 좋았다.​   ​그 밖에 양배추 사라다와 타코와사비, 피꼬막 숙회 모두 신선했다. 주로 회를 먹을땐 횟집들이 많은 곳에 찾아가는 편인데 도심 속의 현대백화점에서도 신선하고 맛있는 회를 먹을 수 있다니, 친구와 오기에도 어른들 모시고 오기에도 딱 좋다.​  ​다시마 숙성으로 더욱 더 감칠맛이 살아있는 회, 장어도 굉장히 좋아하는데 크기며 두께며 빠지는 것이 없었다.​  ​마지막 한 입까지 맛있게 먹고올 수 있었던 신촌 맛집 초밥한상 스시도쿠.다음에도 신촌에 갈 일이 생기면 무조건 신촌 맛집 스시도쿠로 :-)  ​  ","#신촌맛집, #신촌초밥, #신촌스시, #스시도쿠, #신촌현대백화점, #현백신촌, #현대백화점신촌, #신촌현백, #현대백화점맛집, #신촌현대백화점맛집, #신촌현백맛집",6,https://blog.naver.com/solji_/223646048883,https://d3i7y4ugnppb9p.cloudfront.net/contract/track/dbba8f00-974c-11ef-b02e-f10494fe2d71/banner-small.png,O
월계,2024. 11. 5. 0:43,[신촌 맛집] 삼겹살 목살 다 맛있는 〈한림돈가 본점〉,"​아무리 먹어도 질리지 않는 고기 ^_^오늘은 신촌 고기집을 찾아왔다.​ 우리는 원래 소믈리에 그리고 이태리 쉐프였다. ​맛에 관한 심오한 고집을 느낄 수 있는​  ​한림돈가 본점이다.수많은 신촌 고기집의 흥망성쇠를 목도하였지만 이곳은 비교적 눈에 띄지 않는 골목임에도 불구하고​쟁쟁한 신촌 상권에서 10년 가까이 맛집으로 자리를 지켜오고 있다. 식당 가는 길 한림돈가 본점서울특별시 서대문구 연세로7안길 16-4 ​신촌역2번 출구에서 약 400m 거리로, 걸어서 약 4분?? 알라딘 보이는 골목에서 꺾어 들어가면 금방 찾을 수 있다.​ - 영업시간월~일 16:30~24:00​-제로페이가능 내부 모습 ​너무 넓지도 좁지도 않은 적당한 공간.​3~5명이 앉을 수 있는 원형 테이블이 10개 정도 배치되어 있다.​필자는 막 너~~무 넓고 시장통 같아서 시끄러운 소리에 대화 소리도 들리지 않는 복잡스러운 곳을 정말 싫어하는데 여기는 맛있는 고기 먹으면서 대화 나누기도 좋았다!​ 메뉴삼겹살17,000 원알목살17,000 원가브리살18,000 원된장찌개 6,000 원볶음밥 4,500 원​등등 하단 사진 참고  ​네이버 지도에 등록되어 있는 매장 정보를 살펴보니 고기는국내산 1등급 냉장육만 사용한다고 한다. 신촌 맛집에 걸맞은 class,,,​  ​영수증 리뷰하면 보통 음료수나 소주 한 병 주시는데 통 크게 사이드 메뉴 하나를 주신다. 필자 일행은 소식좌라 볶음밥 배 남겨놔야 해서 스킵!​  ​사소한 것 같아도 겨울 같은 때 이 의자 정말 필수...필자처럼 세미 결벽증 있는 사람은 특히나 필수. 의자도 자주 청소하시는지 바닥이 깨끗했다. 매장을 10년 가까이? 운영하시는데 위생 상태가 여러모로 훌륭했다.​  ​불판 달구고 고기 나오기 전에 먼저젓갈과 소스, 파무침, 백김치 등고기와 함께 먹을 수 있는 다양한 밑반찬이 나온다.​  ​중앙에 빨간 점!!! 사장님이 온도 체크를 해주신다.고기를 맛있게 먹으려면 뜨겁게 달궈진 불판은 필수.​   ​알목살 1인분.육질이 정말 좋아 보인다.버섯과 김치, 고사리가 함께 올라온다.​기름이 섞이지 않고, 삼겹살과 목살 모두 맛있게 먹을 수 있도록 삼겹살은 초벌을 해서가져다주신다.​  ​삼겹살은 탄 게 아니고겉바속촉의벌집삼겹살 스타일이다!!​  ​먹기 좋게 잘라주시는 사장님.​   ​  ​  ​여기는불판 관리가 정말 잘 되는 듯했다.기름이 고이지도 않고 깔끔하게 고기만 노릇노릇 촉촉하게 잘 익어서​  ​육즙이 미쳤다...​  ​필자는 고깃집 오면 무조건 하는 루틴이 있다.​첫 번째는 무조건 그 오리지널의 맛만 즐겨 보고, 그다음에는 각종 밑반찬이나 부재료와 함께 조합하여 먹는다.​시작해 보자.​  ​맛이 없을 수가 있을까?신촌 맛집 인정합니다~​  ​된장찌개도 정말 실하다. 일단 두부 많아서 합격 ㅋㅋㅋㅋ 중요하죠??​  ​매장에는 통창이 있고, 열 수 있어서 환기도 잘 됐다 ~~~ 옷에 고기 냄새 배는 것 때문에 고깃집 안 가는 경우도 있는데 여기는 그런 걱정도 좀 덜 할 법했다.​  ​볶음밥등장기본 4,500 원에 치즈 추가 3,000원 하면 7,500원인데 아래를 내려 보시라... 정말 미친 가성비라고 할 수밖에 없다.​     ​베테랑 점원 분의 신들린 제조 스킬 입만 즐거운 게 아니라 눈도 즐겁다.​  ​남자 3~4명도 배불리 먹을 수 있는 양인데김치볶음밥에 계란+김가루+치즈 애초에 맛없을 수가 없는 조합이다.​  ​고깃집인데 솔직히 이걸 대표 사진으로도 할까 진지하게 고민했다. ㅋㅋㅋㅋ​  ​여기에 아까 나왔던 시원한 백김치 조합해서 먹으면 훌륭한 마무리!​​신촌 맛집 소개​  ​  ​​​​ ","#신촌고기집, #신촌맛집, #신촌삼겹살맛집, #신촌, #삼겹살, #목살, #알목살, #벌집삼겹살, #치즈볶음밥, #김치볶음밥, #김치치즈볶음밥, #고깃집, #한림돈가, #냉장육, #한돈, #돼지고기",13,https://blog.naver.com/ryussell103/223647072995,https://dinnerqueen.net/reviews/image/629242_footer.jpg,O
발레타,2024. 11. 27. 7:13,신촌 맛집 추천 신촌역 가성비 회식장소 로운샤브샤브," ​  ​  ​오늘은 집근처 신촌에 다녀왔어요.경의선숲길로 신촌까지 산책을 하고살짝 늦은 점심식사를 하러 갔어요.오늘같이 비가 오고 쌀쌀한 날씨엔샤브샤브를 먹어야죠!신촌 맛집으로 인기많은로운샤브샤브,맛있게 먹고 온 리뷰를 시작할게요.​​​​ 매장 기본 정보 및 예약 링크  🍛 로운 샤브샤브 신촌점🏡 서울 마포구 신촌로 94 4층📞 0507-1412-7001⏰ 매일 11시~21시 (B.T. 없음)❌ 정기휴무 - 없음📋 예약 가능 / 주차 가능(1~3시간 지원)/ 단체석 / 선결제 / 혼밥 가능📲 @loun_official  로운 샤브샤브 신촌점서울특별시 마포구 신촌로 94 그랜드프라자 4층  런치, 디너 등 피크타임은 예약 가능해요.그외 시간에는 예약이 필요없어요.10~50인 단체 예약은 3일전까지 가능해요.​ 로운 샤브샤브 신촌점 : 네이버방문자리뷰 3,539 · 블로그리뷰 1,110pcmap.place.naver.com ​​​​ 매장 가는 길과 안팎 모습 신촌 맛집 로운샤브샤브는신촌로터리 가장 중심가에 있어요.신촌역 2호선 7번, 8번출구로 나오면이마트가 입점된 건물이 나오고요.요기 4층 전체가 로운샤브샤브입니다.  ​  ​​​"" 신촌 지하철역 10초 거리! ""​​옛날 사람들은 여기를 그랜드마트,그랜드백화점 등으로 알고 있어요.이제 4층으로 올라가 볼게요.​  ​엘리베이터를 타고 올라가면문을 열고 들어가야 하고요.에스컬레이터를 타고 올라가면별도 출입문 없이 바로 매장이에요.  ​  ​​​​"" 이것저것 안붙는 가성비 맛집! ""​​로운샤브샤브는 이것저것 추가 안붙고요.그냥 단일 금액대로 전체 이용 가능해요.키오스크로 선결제하고 이용해요.카운터에 사람 없는 경우도 많은데필요할때는 호출 버튼 누르시면 돼요.(키오스크에 호출버튼 있음)​  ​로운샤브샤브는 애슐리와 함께이랜드그룹 매장이에요.그래서 애슐리 캐시 사용가능하고요.같은 건물에 이마트가 있지만신세계상품권은 안돼요.  ​  ​키오스크로 선결제를 하면좌석표도 함께 나와요.지정된 좌석에 앉으셔야 해요.이용시간은 120분입니다.옆 테이블 보니 대충 시간이 되면직원분이 와서 얘기하더라고요.  ​  ​​​​ 메뉴 소개 신촌 가성비 맛집 로운샤브샤브는저렴한 뷔페에 이것저것 추가되지 않고요.단일 금액으로 소고기까지 무제한이에요.​  ​평일 점심(11시~17시)은 19,900원평일 저녁과 주말 공휴일 종일은25,900원입니다.초등학생은 12,900원이에요.미취학생은 7,900원입니다.36개월 미만은 무료예요.반반냄비는 1인당 1,000원 추가돼요.역시 신촌 가성비 맛집 인정입니다.  ​​​​ 내가 주문한 음식  평일 점심  19.9 X 2인반반냄비 1.0 X 2인  ​ 샐러드바 라인업 신촌 맛집 추천하는 로운샤브샤브는시즌마다 신메뉴를 선보입니다.며칠전 동절기 메뉴도 나왔고요.육수도 세가지가 새로 나왔어요.이용하는 순서(?)에 따라샐러드바를 소개할게요.  ​​​ 1. 소스 라인업 안내받은 자리에 앉고 나서, 짐을 두고,먼저 수저를 챙기고요.다음으로 소스를 챙깁니다.폰즈 소스, 칠리 소스, 땅콩 소스가 있어요.​   ​​​ 2. 육수 라인업 신촌 가성비 맛집 로운샤브샤브는현재일곱가지 육수가 준비되어 있어요.취향에 따라 선택해 보세요.결제시 반반냄비로 주문을 하면두가지 육수를 동시에 먹을 수 있어 좋아요.​  ​​​ 3. 채소 라인업 두가지 골라온 육수를 냄비에 붓고불을 켜서 끓입니다.그리고 채소를 담아와요.사진상 모든 채소를 담지 못했어요.  ​    ​​​ 4. 토핑 라인업 다음은 다양한 토핑거리를 담아와요.만두, 어묵, 떡사리, 면사리 등등수도 없이 많습니다.​    ​​​ 5. 고기 라인업 다음은 고기를 가져와야죠.제가 간 평일 런치 기준으로세가지가 있었어요.​  ​​​ 6. 죽 재료 칼국수면까지 다 먹고나서추가로 먹으면 좋은 죽 재료입니다.​  ​​​ 7. 그외 샐러드바 음식들 그외 샤브샤브 재료가 아닌샐러드바 음식들입니다.세미뷔페 이상으로 다양해요.​    ​국수도 만들어 먹을 수 있고요.​  ​​​  8. 디저트 라인업 식사가 다 끝난 후 후식까지 즐겨요.디저트와 과일, 커피, 음료 등이에요.​     ​​​​ 먹어볼게요! 샐러드바 구경을 다 하고나서이제 본격적으로 식사를 시작했어요.​  ​저는 일곱가지 육수 중에토마토 육수와 사골육수를 가져왔어요.제가 알기로 두가지 모두새로 출시되었어요.  ​  ​테이블 위에 있는 볼을 가져가서채소를 담아옵니다.예쁘게 담지는 못했어요..  ​  ​토핑 재료도 엄청 가져왔어요.​  ​이어서 소고기를 가져왔습니다.요렇게 총 3번 정도 담아온거 같아요 ㅎㅎ  ​  ​반반 육수에 채소와 토핑을 한가득 넣고팔팔 끓인 후 맛있게 먹었어요.​    ​소고기도 듬뿍 투하해서야무지게 즐겼습니다.​  ​신촌 샤브샤브 맛집이긴 하지만또 일반 샐러드바 음식도 먹어야죠.​   ​엄청 배부르게 먹고나서디저트와 커피도 즐겼습니다.과일 외에 케이크도 있었고요.요거트 아이스크림도 보였어요.​  ​​  "" 배가 터질뻔한 현장 속으로! ""​​​신촌 맛집 로운샤브샤브에서배 터질 정도로 맛있게 먹은평일 런치 샤브샤브였어요.영상으로 담았어요.​ 신촌 맛집 샤브샤브 뷔페 #로운샤브샤브
가성비 뛰어난 #신촌맛집
#신촌회식장소 #신촌맛집예약 #신촌역맛집 #로운샤브샤브신촌점m.blog.naver.com ​​​  ​​​ 이용 팁이에요! 1. 네이버 예약을 하면 편해요.50인까지 단체모임 회식도 가능해요.2. 추가금액 없이 이용가능해서가성비 매우 좋아요.3. 겨울 신메뉴와 육수가 출시되었어요.4. 애피타이저, 본 식사, 디저트요렇게 순서대로 즐기시길 추천합니다.​​  ​ ","#신촌맛집, #로운샤브샤브, #신촌로운샤브샤브, #로운샤브샤브신촌, #신촌역맛집, #신촌회식, #신촌가성비맛집, #신촌점심맛집, #신촌뷔페, #신촌샤브맛집",67,https://blog.naver.com/belief87/223674220127,https://www.revu.net/campaign/img.php?p=ecde0a5b9ed125abbe8fd55091a29eaba07fa7d0571704743604f4aace89b0bb&v=4,O
