writer,date,title,content,tags,sympathy,post_url,ad_images,광고
맛이쏘,2024. 11. 19. 8:58,운동선수 보양식으로 강추하는 이천건강원 흑염소진액,"흑염소 한마리를 통째로 달인 찐 흑염소진액이천흑염소 건강원 안녕하세요. 맛이쏘예요:-)오늘은 운동선수 보양식으로 추천하는이천건강원 흑염소진액 리뷰를 하려고 해요.​ 50m© NAVER Corp.더보기/OpenStreetMap지도 데이터x© NAVER Corp./OpenStreetMap지도 컨트롤러 범례부동산거리읍,면,동시,군,구시,도국가이천흑염소건강원경기도 이천시 향교로17번길 8-10 1층 이천흑염소 건강원 경기 이천시 향교로17번길 8-10 1층 이천흑염소 건강원031-636-325708:00 - 20:00건강원의 특성상 즉석식품판매업이기에 인터넷으로는 판매하지 못합니다.전화 주문하여 택배로 받을 수 있습니다.  1번 꼬꼼마가 운동을 하는데 운동선수 보양식으로흑염소진액이 그렇게 좋다고 하더라고요.그래서 또 열심히 서치하다가 찾은이천건강원 흑염소진액 이랍니다.그 외에도 각종 중탕이 있어서 상담 후내 몸에 맞는 진액을 찾아 먹으면 좋을 거 같아요.​​​  흑염소진액의 복용방법과 주의 사항, 보관방법 등자세하게 적혀 있어서 쭉 읽어보시면 도움이 될 것 같아요.​​  이천건강원은 직접 좋은 재료를 선별하여 중탕을 하는데무엇보다 제가 시킨 흑염소진액은흑염소 한마리를 통째로 달인다고 하시더라고요.그래서인지 농도가 정말 진하더라고요.​​   직접 달이지 않고 외주를 주는 건강원들도 봤는데이천건강원 흑염소진액은 흑염소 농장과 건강원을직접 운영 중이라 더 믿음이 가더라고요.​​​  흑염소 뿐 아니라 장어, 잉어, 호박 등등다양한 건강즙을 달이기 때문에내 몸에 맞는 맞춤 건강즙을 먹을 수 있어요.그리고 흑염소가 나한테 맞을까? 걱정 되신다면시음도 가능하다고 하니 찾아가보시면 좋을 거 같아요.​​  인터넷 판매를 하지 않기 때문에 전화주문을 하고택배로 받아볼 수 있는데 전 지역에서 주문이 많이 들어오는 거 보니이천건강원이 입소문난 보양식 건강원이구나 생각했지요.사실 면역력에 좋다~ 뭐 키크는데 좋다~해서알음알음 먹였었는데 막 엄청나게 반응이 있고 하는 건 아니어서안그래도 다른 걸 좀 먹여봐야 하나 찾아보고 있었거든요.​​    이천건강원은 이렇게 흑염소 농장을직접 운영하고 계시더라고요.관리가 아주 잘되어 있는 모습이라 안심!​​   흑염소가 운동선수 보양식으로 좋다고 해서 몇 번 먹여본 적 있는데정말 이렇게 까만즙은 처음인 거 같아요.제가 지금까지 먹였던 흑염소는 약간 갈색? 느낌이었거든요.그리고 딱 한 봉지 잡아보면 되게 묵직해요.손으로 농도가 느껴지는 느낌이랄까?​​​  우선은 한 달 분량을 주문했는데좀 더 넉넉히 넣어주신 거 같았어요.전화주문했는데 세상 친절하시고꼼꼼하게 상담해주시더라고요.​​​  냉장고 한 칸을 가득 채운이천건강원 흑염소진액 이랍니다:-)혹시 몰라서 저녁에 1포 먹이고 있어요.​​  물 탄 느낌이 1도 없는 흑염소진액은 처음인 거 같아요.짤로만 봐도 농도가 장난아님​​  흑염소 한 마리가 통째로 들어간거라 그런지향도 되게 진하더라고요.​​  이거 먹고 키도 크고 체력적으로 우세해지길 바라며 ㅋㅋ원샷하거라!!!!!!!​한약 같은 거 진짜 잘먹는 1번 꼬꼼마인데먹더니 이거 왜케 진하냐고 ㅋㅋㅋㅋㅋ목구멍으로 넘겼는데 왜 코로 향이 다시 나오냐고 ㅋ먹으면서 막 웃더라고요 ㅋㅋㅋㅋ웃음이 나오는 짙은 맛인가 봄 ㅋㅋㅋ​지금 2주 정도 됐는데 확실히 먹는 양이 늘기도 했고잠도 잘 자더니 키가 좀 큰 거 같더라고요흑염소진액 덕분인지는 모르겠지만이거 먹고 나서부터 뒤돌면 배고프다는 말을 하니앞으로 꾸준히 먹여보려고요.​흑염소진액을 찾으신다면 이천건강원 강추 합니다~!​​​​  ​​ ","#이천건강원, #운동선수흑염소, #키크는음식, #여주건강원, #흑염소즙, #초등학생흑염소",16,https://blog.naver.com/880project1/223665793700,https://firebasestorage.googleapis.com/v0/b/reviewnote-e92d9.appspot.com/o/gongjeong%2F602f3242-fc27-48b7-aa41-52d72ac5df04?alt=media,O
맛이쏘,2024. 11. 18. 10:30,중대물빛공원 맛집 가족모임 하기 좋은 송유향,"탁 트인 뷰와 깔끔한 맛으로 모임 하기 딱 좋은 맛집경기 광주 송유향 안녕하세요. 맛이쏘예요:-)오늘은 중대물빛공원 맛집으로 추천하는송유향 리뷰를 하려고 해요.​ 50m© NAVER Corp.더보기/OpenStreetMap지도 데이터x© NAVER Corp./OpenStreetMap지도 컨트롤러 범례부동산거리읍,면,동시,군,구시,도국가송유향경기도 광주시 순암로 270 경기 광주시 순암로 2700507-1445-138511:30 - 21:15   ​중대물빛공원 맛집 이자 가족모임 장소로 추천하는송유향은 바로 앞에 중대물빛공원이 있어서뷰도 좋고, 밥 먹은 후 소화 시킬 겸중대물빛공원 한 바퀴 돌면 정말 좋더라고요.그래서 데이트 코스로도 많이들 찾으시는 거 같아요.​​​  송유향 주차장 정보도 있으니 읽어보시면 좋을 것 같아요.​​​  송유향은 2층에 위치해 있고엘리베이터와 계단을 이용해서 갈 수 있어요.추천 요리도 있으니 기다리면서 보면 좋을 듯​​​​  2024 코카콜라 레드리본 전국 맛집으로 선정된 송유향이랍니다.블루리본 서베이는 한국 최초의 맛집 평가로많은 사람들에게 익숙한 플랫폼인데요.최근에는 코카콜라와 협업해서 레드리본 캠페인을 시작했다고 해요.송유향 역시 맛집으로 선정!​​  모범음식점으로도 인정받은 송유향이랍니다.​​    인테리어도 깔끔하고 단체석과 함께분리된 공간과 룸까지 완벽하게 구비하고 있기 때문에단체 회식이라던가 모임 하기에도 아주 굿굿~!​​  기본적으로 세팅되는단무지와 땅콩, 자차이가 나왔어요.땅콩은 단짠이라 집어먹기 좋더라고요.​​​    송유향 메뉴와 가격은 이미지를 참조하세요~!​​​  기본 짜장면을 시켰어요.특별한 메뉴 시켜볼까 했는데기본이 맛있는 집은 어떤 음식이든 다 맛있으니까!​​  짜장면 소스가 너무 맛있어요.적당하게 짭조름하면서 감칠맛이 아주 그냥~!면도 아주 탱탱하고 입안에 호로록 감기는 게밥 비벼 먹고 싶을 정도로 맛있더라고요.양도 푸짐해서 와구와구 먹었어요.​​​   그리고 짬뽕 역시 기본으로 시켜봤어요.제가 좋아하는 스타일의 짬뽕은불향이 없고, 양파가 가득 들어있는 짬뽕인데송유향의 짬뽕이 딱!! 제 스타일의 짬뽕이더라고요.​​  그 외 해물들도 가득 들어있어서국물도 너무 시원하고 맛있어요.그리고 생각보다 맵지 않아서초강력 맵찔이인 2번 꼬꼼마가너무 맛있다고 막 먹더라고요 ㅋ​​  면발도 어찌나 탱글 하던지저보다 애들이 맛있다고 다 먹음짬뽕 안 먹는 1번 꼬꼼마도 짜장면보다짬뽕이 진짜 맛있다고 짬뽕만 먹더라고요 ㅋ​​  그리고 탕수육은 기본 탕수육 말고소고기 탕수육으로 시켜봤어요.새 나라의 어린이들에게 소고기 먹이고 싶어서ㅋㅋㅋㅋㅋㅋ​​​  찍먹파인 우리지만 부먹을 이해하기로 했어요.왜냐하면 맛있으니까!부먹인데도 어쩜 그렇게 바삭하지???진짜 한 입 딱 베어 물었는데 파사삭 소리가 나더라고요.물론 시간이 지나고 소스를 머금으면서 부드러워지긴 했는데두 가지의 식감을 모두 맛볼 수 있어서 좋았음!​​  간장에 살짝 콕 찍어 먹으면 짭조름함과달콤함이 같이 느껴져서 더욱 맛있음​​  외국은 따뜻한 파인애플을 이해 못한다고 하지만송유향 탕수육에 있는 파인애플은 너무 맛있지 ㅋ시간이 갈수록 탕수육이 쫀득해져서 맛있더라고요 ㅋ​​  마지막으로 직접 만드신다는 딸기샤베트~!젤라또 같은 쫀득함과 샤베트의 사각한 느낌이 너무 좋음​​  살짝 녹으면서 입안에 상큼함이 싹 도는데아주 개운하고 맛있더라고요 ㅎㅎ늦은 저녁에 간 거였는데도 사람이 많아서맛집이구나 했었네요 ㅎㅎ​가족모임 장소나 회식장소 찾으신다면중대물빛공원 맛집 송유향을 추천합니다~!​​​​  ​ ","#중대물빛공원맛집, #경기광주중식당, #경기도광주맛집, #송유향, #경기광주룸식당",112,https://blog.naver.com/880project1/223664646563,https://firebasestorage.googleapis.com/v0/b/reviewnote-e92d9.appspot.com/o/gongjeong%2F72874724-d5ce-4e66-9bc5-2ba059b53caa?alt=media,O
맛이쏘,2024. 11. 12. 9:03,이천 맛집 구워주는 고기집 솥굽친구,"그저 먹기만 하면 되는 이천 맛집이천 솥굽친구 안녕하세요. 맛이쏘예요:-)오늘은 이천 맛집으로 추천하는구워주는 고기집! 솥굽친구 리뷰를 하려고 해요. 50m© NAVER Corp.더보기/OpenStreetMap지도 데이터x© NAVER Corp./OpenStreetMap지도 컨트롤러 범례부동산거리읍,면,동시,군,구시,도국가솥굽친구경기도 이천시 중리천로 63 2층(창전동) 경기 이천시 중리천로 63 2층(창전동)0507-1368-354416:00 - 04:00재료소진시 영업종료  구워주는 고기집 솥굽친구는고기를 솥뚜껑에 구워먹는 이천 맛집이랍니다:-)​​  솥굽친구는 친환경 안심업소로 화학 세제를 사용하지 않으면서친환경 세제와 초음파 세척기를 사용해서식기류를 세척, 살균 및 소독한다고 해요.​​​  내부도 정리가 아주 잘되어 있어요.위생에 남다른 솥굽친구는 오픈형 주방이라주방 내부가 훤히 보여서 더욱 안심이에요.​​  그리고 좌석 간 간격이 넓어서 더 쾌적하더라고요.​​  기본적으로 밑반찬이 나오고 필요하면 셀프코너에서추가로 가져다 먹을 수 있어요.​​  솥굽친구 메뉴입니다.아주 심플해서 더 좋았어요.돈삼겹과 계란찜을 시켰답니다.​​  네이버 영수증 리뷰 하고룰렛 이벤트에 참여해도 좋을 거 같아요.왜냐하면 꽝이 없거든!!!​​​  드디어 나온 도톰하고 예쁜 색깔의 돈삼겹~!지방이 잘 어우러져 있어서 더 맛있음!​​​  그리고 함께 굽굽하는 김치와 고사리, 콩나물,꽈리고추가 나와요.​​  밑반찬으로 새우장이 나오는데 요거 맛있더라고요 ㅎ솥에 살짝 익혀 먹어도 색다른 맛임~!기본으로 된장찌개가 나오는데깔끔하고 담백한게 아주 맛있음​​​   솥굽친구의 솥은 그리들같이 생겼어요.거기에 지방으로 코팅을 해준답니다.구워주는 고기집이 좋은게 젓가락들고 기다렸다가다 구워지면 먹기만 하면 되니까 너무 편하고 좋은거 있죠.​​  달구어진 팬에 고기를 탁 올리면지글지글 하는 기분좋은 소리가 울려퍼짐​​  그리들처럼 중앙이 움푹 들어갔기 때문에기름이 가운데로 모이면서 튀기듯이 구워지는데일반적으로 굽는 것보다 더 겉바속촉으로 구워짐​​  솥굽친구의 시그니처라고 해야 할까 ㅋ기름 튀는 걸 방지하는 가림막이 있어서더욱 깔끔하게 먹을 수 있음!​​  먹기 좋은 크기로 서걱서걱 잘라주심​​  삼겹살에 기름이 이렇게나 많이 나오는지여기서 알았잖아요 ㅋ근데 이게 또 다 맛있 ㅋㅋㅋㅋ​​​  이렇게 한 입크기로 자른 후가지런하게 정리를 해주심​​  이렇게 시계모양으로 정렬을 해주시는데다음은 뭐지? 하는 궁금증 생김 ㅋㅋ​​  궁금증이 가시기도 전에 김치 투하!!짤 보니까 먹고 싶쥬? ㅋㅋㅋㅋ​  이거 진짜 비주얼도 그렇고상큼한 볶음김치향 팍 올라오는데진짜 입에 침 고임​​  거기에 고사리, 콩나물, 꽈리고추까지 넣으면맛 없을 수 없는 조합이지​​   다 구워졌으면 가림막을 치우고이제 먹기만 하면 된답니다.이렇게 맛깔나게 구워주시니 얼마나 편하던지!​​  고사리랑 삼겹살이 이렇게 잘 어울리는지먹어봐야 알아요고사리가 이렇게 고소하고 담백하다니!​​​  솥굽친구 특제 소스에 탁 찍어 먹으면감칠맛에 삼겹살기름이 어우러져서술이 쭉쭉 들어감​​  삼겹살은 소금이지~!소금이 삼겹살의 기름기를 살짝 잡아주는데고기가 맛있으니 소금만 찍어먹어도 충분히 맛있음​​  한쌈 만들어서 우와앙 먹기​​  새우장이랑 해서 삼합의 느낌으로 먹었는데요거 은근 맛있어요.새우의 탱글함과 꼬들한 고기의 식감이너무 잘 어우러짐​​  볶음김치랑 먹으면 말해뭐해, 그냥 맛있지삼겹살에 새콤한 김치는 진리!​​​  계란찜도 어찌나 포슬포슬 부드러운지속 달래기 딱 좋음여기에 치즈 삭~ 뿌리면 진짜 맛있겠당​​​​  파채 듬뿍 해서 먹으면 새콤한게기름기를 딱 잡아줘서 밸런스가 너무 좋음​​  꽈리고추도 올려서 먹으면 그 특유의 향이입 안에 가득 퍼지는게 아주 맛있음삼겹살이랑 꽈리고추 궁합이 좋은 거 같음​​​  고기 다 먹었으면 볶아아쥬남은 김치와 고사리 등등 고기도 좀 잘라서 넣어주고~!​​  김 가득한 밥을 볶볶해주심크 볶음밥 냄새가 여기까지 나는 거 같음​​  이렇게 맛깔나게 쫙쫙 눌러주면누룽밥같은 식감으로~!​​​  하지만 성질 급한 나는 누룽지가 될 때까지 못참지ㅋㅋㅋ​​  싹싹 긁어서 우와앙~ 하고 먹으면 너무 맛있쥬감칠맛이 아주 대단해~!​​  직접 구워줘서 너무 편하게 맛있게 든든하게 먹은 거 같아요.이천 맛집으로 솥굽친구 추천힙니다~!!!​​ 접기/펴기구워주니 먹기만 하면 되는 창전동 삼겹살맛집구월주는 삼겹살 맛집 이천 솥굽친구#이천맛집#이천고기집#이천삼겹살#창전동맛집#창전동삼겹살#창전동고기집#이천시내맛집#이천시내고기집#이천시내삼겹살#이천삼겹살맛집 ​​​  ​ ","#이천맛집, #이천고기집, #솥굽친구, #이천삼겹살",68,https://blog.naver.com/880project1/223656874394,,X
맛이쏘,2024. 11. 11. 9:21,인천시청 맛집 입에 착착 달라붙는 설화생갈비 인천시청점,"계속 먹고 싶은 갈비 맛집설화생갈비 인천시청점 안녕하세요. 맛이쏘예요:-)오늘은 인천시청 맛집으로 추천하는설화생갈비 인천시청점 리뷰를 하려고 해요. 50m© NAVER Corp.더보기/OpenStreetMap지도 데이터x© NAVER Corp./OpenStreetMap지도 컨트롤러 범례부동산거리읍,면,동시,군,구시,도국가설화생갈비 인천시청점인천광역시 남동구 구월로 107 1층, 2층 인천 남동구 구월로 107 1층, 2층0507-1462-045311:00 - 23:00라스트 오더 22:00  인천시청 맛집이자 회식장소로 좋은설화생갈비 인천시청점은 도로가에 딱 보이기 때문에찾기도 쉽고, 인천시청역 2번,3번 출구 나오면바로 있기 때문에 접근성이 굉장히 좋아요.​​  주차장도 넓어서 여유있게 주차가능!​​​  들어서자마자 호텔 로비 같은 느낌의 대기석과후식으로 먹기 좋은 차와 커피가 마련되어 있어요.​​​  설화생갈비 인천시청점 메뉴입니다.설명이 상세하게 적혀 있고, 이미지로 보여서선택하기 쉽더라고요.​​  점심메뉴, 휴식메뉴도 알차게 준비되어 있답니다.​​  주류와 원산지 표시까지 꼼꼼하게 되어 있어요.웨이팅으로 대기가 발생할 때 보면서미리 메뉴를 확인할 수 있어 좋더라고요.​​  설화생갈비 인천시청점에는 와인창고가 있는데저는 와인알못이지만 고기랑 함께 먹으면 정말 맛있을 듯!​​​  설화생갈비 인천시청점은 인테리어 정말 깔끔하고좌석마다 파티션으로 분리가 되어 있어서 좋더라고요.​​  완전 뷰 맛집임단풍이 보이는 풍경이 꼭 액자 같아요.​​  테이블도 넓직해서 좋더라고요.​​   기본 제공되는 밑반찬들이 나오지만필요하거나 부족한 반찬들은셀프코너를 이용하면 된답니다.​​  주문은 테이블 키오스크로 편하게 할 수 있어요.설화돈양념구이 800g과 된장찌개, 냉면을 시켰어요.​  입구에 들어서자마자 존재감 확실했던 엘리베이터!2층으로 가려면 엘베와 계단을 이용하면 되는데거동이 불편한 분들을 위해 엘베까지~!이런 센스 너무 좋아용​​​  엘베를 타면 이런 소소한 설명과 이벤트를 알리는표지판이 붙어있어서 구경하다 보면 2층에 금방 도착~!​​  2층은 대부분 룸으로 구성되어 있어요.그래서 대가족 모임이나 단체회식에 딱 좋더라고요.​​  바로 앞에 인천시청이 있어서인천시청 직원들이 회식 많이 올 거 같은 느낌 ㅋㅋ​​​  단체석이 이렇게 제대로 구비되어 있으니회식장소로 아주 딱 임​​  다시 1층으로 돌아와보니 밑반찬이 나왔더라고요.잡채와 게장, 샐러드 등이 나오고묵은 정말 상콤 새콤한게 입맛 제대로 돋구워짐​​  양념구이가 나왔는데 내가 생각했던 비주얼보다생갈비 느낌이라 굉장히 맛이 궁금했음호일에 싸놓은 건 버섯인데 이게 완전 별미!​​  숯에 양념구이 딱 올리면 치익 맛있는 소리가 가득~!고기가 굉장히 도톰하고 야들야들한게얼른 먹어보고 싶더라고요.​​   그리고 여러분들도 봤는지 모르겠지만고기집인데 하늘에서 내려오는 환기구가 없다는 거!굽다보니 인테리어가 왜 고깃집같지 않은가 봤더니숯불쪽에서 바람을 빨아들이는 것처럼 보이더라고요.그래서 연기도 잘 안나고 바로 바로 흡입이 되니까옷에서도 고기 냄새가 잘 안베여서 아주 굿임​​​  고기를 굽는동안 게장도 먹었는데이 게장 너무 맛있는 거 있죠안에 살도 꽉 차고 양념이 너무 맛있어서고기 먹기도 전에 클리어 했음진짜 밥도둑이군 ㅋㅋ​​  고기를 야무지게 구워줍니다.그릴자국은 언제봐도 너무 맛있게 생긴 거 같음​​  한 입 크기로 먹기 좋게 잘라서조금 더 돌돌돌 굴려주며 익혀줍니다.맛있게 익는 향이 나요.​​​  양파채 가득 깔고 고기 딱 올리고 한 입에우와앙~ 먹으면 음~ 너무 맛있다는 말이 절로 나옴​​  생갈비 비주얼이어서 양념의 느낌이 없을 거 같았는데자극적이지 않은 단짠이라 아이들이 먹기도 너무 좋더라고요.​​  양념게장살까지 발라서 소스 딱 올려 먹으면진짜 밥 도둑에 밥 도둑이 만났네??숨 쉬는 시간 아껴가며 먹은 거 같음ㅋㅋㅋ​​​  된장찌개가 나왔는데 두부도 실하게 들어있고야채들도 가득 들어있어서 식감도 좋고국물도 시원하니 밥 말아먹기 딱 좋더라고요.​​  호일에 있던 버섯인데 완전 촉촉!!세로로 길게 찢어서 먹는데 너무 맛있는 거 있죠 ㅠ버섯에 수분이 이렇게나 많다니​​  후식으로 냉면이 빠질 수 없지 ㅋ살얼음 동동 있는 냉면~!​​  면발이 아주 쫄깃 탱탱해요.육수는 내가 아는 그 육수 맛인데감칠맛이 좋아서 호로록 먹음​​​  고기까지 말아먹으면 단짠과 시원함이 가득~!역시 냉면과 고기의 조화가 굿​​  이렇게 또 온 가족이 맛있는 한끼를 배불리 먹었음요 ㅋ​인천시청 맛집 찾고 계시다면 분위기도, 맛도, 가격도 착한설화생갈비 인천시청점을 추천합니다~!​​​ 접기/펴기분위기도, 맛도, 가격도 모두 굿굿!인천시청역 단체회식하기 좋은 설화생갈비#인천시청맛집#인천시청역맛집#인천맛집#간석동맛집#인천시청역회식하기좋은#인천시청갈비#인천시청역회식#인천시청회식#간석동갈비#구월동갈비 ​​  ​ ","#인천시청맛집, #인천시청고기집, #인천구월동맛집, #설화생갈비",65,https://blog.naver.com/880project1/223655373562,https://firebasestorage.googleapis.com/v0/b/reviewnote-e92d9.appspot.com/o/gongjeong%2Fed9a5312-fc39-4c46-b5a9-ae06da55c19d?alt=media,O
맛이쏘,2024. 11. 8. 14:00,이천 삼겹살 맛집 다른 고기집 갈 필요 없는 갈비현,"지금까지 먹어봤던 고기 중 손에 꼽히는 인생 맛집이천 갈비현 안녕하세요. 맛이쏘예요:-)오늘은 이천 삼겹살 맛집으로 완전 강추하는제 인생 고기맛집 갈비현 리뷰를 하려고 해요. 50m© NAVER Corp.더보기/OpenStreetMap지도 데이터x© NAVER Corp./OpenStreetMap지도 컨트롤러 범례부동산거리읍,면,동시,군,구시,도국가갈비현경기도 이천시 영창로 66 1층 갈비현(자이 정문에서 시내방향으로 5m아래 우측) 경기 이천시 영창로 66 1층 갈비현(자이 정문에서 시내방향으로 5m아래 우측)0507-1465-0170매일 11:30 - 22:00브레이크 타임 15:00 - 16:30라스트 오더 21:30  이천 삼겹살 맛집으로 단골찜꽁한 갈비현은오픈한지 얼마 안된 아주 따끈따끈한 고기집이랍니다.주차장도 5~10대 정도 댈 수 있게 넉넉해서 좋음!​​  갈비현 메뉴입니다.가격도 딱 적당하고 좋더라고요.근데 맛을 보면 이것보다 더 비싸도 먹겠다! 했음​​​  들어가면 모든 좌석이 분리되어 있어서 좋아요.단체석도 마련되어 있어서 모임이나 회식하기도 좋겠더라고요.​​  아기의자도 구비가 되어 있고 전체적으로깔끔하게 정리정돈 되어 있어서 굿~!​​  셀프바도 이렇게 깔끔하고 위생적으로 관리되어 있어요.​  주문은 키오스크로 간편하게 할 수 있고생일이면 2천원 할인과 첫 방문시 음료1캔,네이버 영수증 리뷰이벤트까지 알차게 챙길 수 있어요.​​  그리고 너무 센스있고 귀엽다고 생각했던게불판 교체부터 보조배터리와 머리끈까지세심하게 챙겨놓은 거 있죠 ㅎ​​​  안그래도 배터리가 너무 빨리 닳는데다보조배터리도 안가져와서 필요했던 참인데주문 넣었더니 바로 가져다 주셨어요.​​  밑반찬이 세팅이 되는데 진짜 하나도 빠짐없이다~! 맛있어요. 그냥 먹어도 맛있고고기랑 같이 곁들여 먹어도 정말 맛있더라고요.​​   갈비현은 서비스 육회도 나오는데 너무 맛있더라고요.육회 양념도 맛있는데 고기 자체가쫄깃하고 신선함이 느껴지더라고요.향긋한 미나리까지 곁들여 먹으니까 더 맛있음!이 생미나리는 남겼다가 구운 고기랑 먹으면 아주 맛있쥬​​​   빨간 불판이 나를 반기는군 ㅋㅋㅋㅋ​​​  그리고 인당 동치미가 나오는데 국물만 있는 줄 알았더니에피타이저처럼 한 입 국수가 있어서입가심 하기 딱 좋더라고요.동치미 국물이 새콤하면서 입맛이 확 당기는게밥 말아먹어도 맛있겠다는 생각이 들 정도​​  한돈생삼겹살이 나오는데 이렇게 뼈까지 붙어나오는삼겹살을 처음 보는 거 같아요.우대갈비 같은 비주얼인데 살이 아주 튼실함​​​  갈비현이 좋은게 직접 구워주시기 때문에너무 편하게 먹을 수 있어서 좋더라고요.제가 또 고기를 정말 못굽는 망손이라이렇게 구워주는 고기집이면 아주 땡큐~!​​  고기 두께봐요, 근데 이 두께임에도질기는 게 하나도 없고 육즙도 팡팡인데다되게 부드러워서 삼겹살 잘 안먹는 저도헐레벌떡 먹었다니까요.​​  된장찌개도 시켰는데 이거 아주 구수하고시원한게 너무 맛있음밥에다 슥삭슥삭 적셔 먹으면 아주 뚝딱임​​  그리고 셀프바에 가면 그릇에 김치를 넣고 기름을 넣어서볶음김치를 해 먹을 수 있는 거 정말 아이디어 좋다 했어요.굽는 고기에 김치 구워서 같이 먹으면 너무 맛있잖아요.근데 이런 불판에는 김치 굽기도 힘들고 기름은 불판 밑으로 빠지니까아쉬울 수 있는데 이런 걸 한 방에 해결한 센스만점 갈비현!​​​  맛있게 익어갈 때 쯤 두툼한 고기를서걱서걱 잘라주시는 사장님~!​​​  이렇게 뼈와 분리한 후 좀 더 맛있게 구워줍니다.보기만 해도 아주 군침이 ~!​​  그리고 먹기 좋은 크기로 잘라주시는데어쩜 이렇게 고기색이 맛있게 예쁠 수 있지?!진짜 신선한 고기에서만 볼 수 있는 색인 듯​​​   그리고 딱 먹기 좋을 향과 맛을 낼 때까지지글지글 구워주십니다.진짜 고기굽는 손은 따로 있나봐요.나는 절대 저렇게 육즙 가두면서 못 구움 ㅋㅋ뭔가 생인거는 바싹 구워야한다는 강박이 있는가봄 ㅋㅋㅋ​​​  그럼 이제 맛있게 구워주셨으니 입으로 넣어봅니다.소금 없이 고기만 먹어도 맛있는데고기에 무슨 짓을 하신겁니까???!!소금 찍어 먹으면 짭조름한 감칠맛이 싹 돌고양파절임과 같이 먹으면 아주 개운하고 시원함​​  아껴두었던 미나리도 넣어서 먹으니까향긋함이 입 속을 맴도는게 아주 맛있음곁들여먹는 반찬들도 다 맛있어서 그런가하나도 빠짐없이 맛있음이 입 안을 꽉 채움​​  상추파채도 이렇게나 와구와구 먹어도알싸함 하나 없이 되게 맛있어요저 진짜 지금까지 살면서 삼겹살 맛있다는 생각1도 안해봤고, 제일 싫은 회식메뉴가 삼겹살인데갈비현 삼겹살은 정말 정말 맛있어요.삼겹살 맛있다고 얘기한 거 진짜 손에 꼽을 정도로삼겹살알못인데 갈비현 삼겹살은 너무 맛있는 거​​  갈비현이니까 양념갈비도 먹어봐야겠지요?색상이 좀 옅은 거 보니 카라멜 색소는 쓰지 않았군 했음 ㅋ​​  이것 역시도 맛있게 구워주시기 때문에나는 젓가락 들고 요이땅 할 시간만 기다리면 됨​​  어우 고기가 어쩜 이렇게 야들야들한지​​  한입 크기로 잘라서 조금 더 구워주심​​  와 이거 진짜 너무 맛있잖아요?나한테 진짜 인생고기 뽑으라면주저없이 갈비현임​​​  콘샐러드랑 먹어도 완전 찰떡임되게 고급수제버거 먹는 느낌이랄까아 요거 색다르게 너무 맛있는데꼭 먹어보세요!​​  고소하고 새콤한 향 풍기는볶음김치랑 같이 먹으면 소주가 막 들어가지​​  양념갈비 뜯는데 이 뼈도 맛있어 어쩔거여 ㅋㅋㅋ​​  아까부터 구웠던 생삼겹살 뼈대도 먹는데아주 야무지게 잘 먹었죠?ㅋㅋㅋ​​  이 날 정말 초토화시킨 거 같네 ㅋㅋㅋ너무 맛있는 고기는 정말 계속 들어가는구나를처음 느낀 날이었던 거 같음 ㅋㅋ​​  후식으로 커피랑 아이스크림이 있어요.아이스크림 사서 먹는 건 줄 알았더니갈비현 방문한 손님들에게는 무료~!!제가 좋아하는 맛의 아이스크림도 있어서마지막까지 너무 행복:-)​​  이렇게 맛있는 아이스크림까지 겟하고 나니하루가 든든하네요 ㅋ​이천 삼겹살 맛집이라는 곳도 많이 가봤는데제 기준에서는 갈비현이 손에 꼽을 정도로맛있어서 완전 강추합니다~!​ 접기/펴기이천 삼겹살 찐 맛집 찾음, 내 인생 삼겹살집 갈비현이천 삼겹살 맛집 따라올 자 없는 갈비현#이천삼겹살맛집#이천삼겹살#설봉공원맛집#관고동맛집#설봉공원근처맛집#이천맛집#관고동삼겹살#설봉공원삼겹살#이천고기집#이천고기맛집 ​​  ​ ","#이천돼지갈비맛집, #이천삼겹살맛집, #설봉공원근처맛집, #갈비현, #관고동삼겹살",58,https://blog.naver.com/880project1/223650723943,https://firebasestorage.googleapis.com/v0/b/reviewnote-e92d9.appspot.com/o/gongjeong%2Fd17a113c-1c5e-4068-b6ce-d37c7b771b01?alt=media,O
맛이쏘,2024. 11. 7. 11:02,판교고기집 회식장소로 좋은 원조부안집 판교직영점,"​ 모임하기 좋은 쾌적한 컨디션의 고기집원조부안집 판교직영점 안녕하세요. 맛이쏘예요:-)오늘은 판교고기집 리뷰를 하려고 해요.회식장소로 딱 좋은 원조부안집 판교직영점이랍니다. 50m© NAVER Corp.더보기/OpenStreetMap지도 데이터x© NAVER Corp./OpenStreetMap지도 컨트롤러 범례부동산거리읍,면,동시,군,구시,도국가원조부안집 판교직영점경기도 성남시 분당구 대왕판교로 660 유스페이스1 A동 214호예약 경기 성남시 분당구 대왕판교로 660 유스페이스1 A동 214호0507-1393-646911:00 - 22:00라스트 오더 21:15매주 일요일 정기휴무매해 1월1일 새해 첫 날 휴무차량 이용 시 -> 지하주차장 A동에 주차 후 엘리베이터를 이용하여 2층으로  판교고기집으로 강추하는 원조부안집 판교직영점은회식장소로 이미 입소문난 판교 회식장소더라고요.​​  가격도 착한데다 1만원 대로 점심특선까지든든하게 챙길 수 있는 판교 찐 맛집입니다.​​  4시 이전에 방문해서 메인메뉴를 주문하면생맥주 2잔 또는 껍데기 1인 서비스 이벤트도 하고 있어요.​​  늦은 저녁 시간대에 갔는데 회식하는 직장인들로북적북적 활기 찬 원조부안집 판교직영점이에요.​​  원조부안집 판교직영점 메뉴에요.국내산 100% 숙성고기에 쫀득살이 눈에 띄더라고요.또 쫄깃한 거 못참는 저는 쫀득살과된장술밥, 냉면을 시켰어요.​​  반찬은 기본으로 세팅이 되고부족한 반찬은 셀프바를 이용하면 된답니다.​​  기름에 퐁당 넣은 마늘과 파김치, 콩나물이 나오는데이런 비주얼을 또 처음이라 신선했음!그리고 파김치가 정말 맛있어요.판매하면 왕창 사갈 수 있을 정도로 맛있음!​​  새빨간 숯불이 들어왔어요.빨리 구워라!!구워서 내 입 속에 넣어라!!!​​   기본 찬이 세팅 되는데 여러 소스들을곁들어 먹을 수 있는게 좋더라고요소스며 장아찌며 다 맛있어서 폭풍 흡입했음​​  원조부안집의 베스트 메뉴인 꼬들살이 나왔어요.피자조각처럼 나오는 고기는 처음인데다얼마나 두툼하고 맛깔나게 생겼는지빨리 먹어보고 싶더라고요.​​  초벌은 직원분께서 해주셔서 너무 편했어요.이렇게 통째로 피자 한판 화덕에 넣듯 초벌해주심​​  숙성이 정말 잘되어서 색깔도 너무 예쁘고고기가 육안으로 보기에도 찰지더라고요​​​  노릇노릇 구워지는데 바삭한 느낌과촉촉하면서 부드러운 육즙이 가득해보여요.​​  먹기 좋은 크기로 잘라주시는데이렇게 초벌해주시니까 솔직히 저는 할 게 없음조금 더 익힌다음에 먹기만 하면 돼서너무 편하고 시간 절약도 되고 좋더라고요​​​  고기가 어느 정도 익으면 기름을 머금은 접시를 불판에 올려줘요.그럼 어느정도 지글지글 끓어오르는데 이게 굉장히 별미임.​​​​  된장술밥도 나왔는데 딱 봐도 얼큰하게 생겼죠?ㅋ근데 되게 맛있게 칼칼해서 쉴 새 없이 막 들어가요.​​  꾸덕하면서 진한게 감칠맛까지 가득해서정말 맛있더라고요.술이 술술 들어가는 맛이라서 술밥인가봐요​​   이것만 먹어도 정말 든든한 한끼 되겠더라고요.양파, 애호박, 두부까지 아주 알차게 들어있음​​  이 된장술밥에 파김치 얹어서 먹으면 진짜 크~!!무김치까지 해서 먹으면 내가 제일 좋아하는 맛!!​​​  깻잎 장아찌까지 야무지게 올려 먹으면새콤하면서 구수하면서 짭조름함까지모든 맛을 느낄 수 있음​​​  냉면도 시켰는데 원조부안집 판교직영점은 고명부터가 달라요.음식 하나하나에 정성 쏟은게 느껴지는 비주얼!​​  면이 정말 쫄깃하고 탱탱해요.완전 후루루루룩 먹게 되는 맛이에요.육수도 정말 시원하고 깔끔해서국물까지 싹싹 먹었잖아요.​​​  고기가 익으면 일단 아무것도 안찍고 고기만 먹어봐요.아무것도 아닌 본연의 고기만 먹었을 때도 맛있으면고기 맛집 인정인데, 원조부안집 고기는 진짜 맛있어요.이 꼬들살이 정말 무조건 먹어봐야 하는 메뉴!!​​  매콤한 소스랑 먹으면 특히 더 맛있는게꼬들한 식감과 매콤달달한 소스가소떡에 떡을 먹는 느낌이랄까요?진짜 꼬들살 무조건 추천!!​​  파김치까지 얹어서 먹으면 너무 맛있음아 이거 안먹어보면 모르는 맛이다 진짜​​  기름에 익은 콩나물과 마늘까지 딱 먹으면그 감칠맛은 이루 말할 수 없지​​  냉면에 꼬들살, 소스듬뿍해서 먹으면비빔냉면에 고기 얹어 먹는 느낌나요​​  깻잎 장아찌랑 먹으면 시원상큼하니계속 들어가는 맛임. 엄지척!!​​  진짜 야무지게 다 먹었다..이렇게 다이어트는 또 건너가는거죠 ㅋㅋㅋㅋ왜 우리 동네에는 이런 맛집이 없는거냐고 ㅠㅠ​​  그리고 원조부안집 판교직영점은아동을 살리는 가게라고가게, 병원, 기업, 단체 등의 이름으로매월 5만 원 이상 수익의 일부를 후원하는 기부 프로그램이라고 해요.이렇게 좋은 일도 하는데 맛있고 친절하기까지!!이런 곳은 흥해야 함!​판교고기집으로 회식장소 찾고 계신다면아묻따 원조부안집 판교직영점 추천합니다!​​ 접기/펴기판교에서 꼭 먹어봐야하는 쫀득살! 판교 회식으로 강추!판교 고기집 강추 원조부안집#판교맛집#삼평동맛집#판교유스페이스맛집#판교원조부안집#원조부안집#판교회식#삼평동회식#판교유스페이스회식#판교고기집#삼평동고기집 ​​  ​ ","#판교고기집, #판교회식, #원조부안집판교직영점, #판교맛집, #삼평동맛집, #판교유스페이스회식",107,https://blog.naver.com/880project1/223650512104,https://firebasestorage.googleapis.com/v0/b/reviewnote-e92d9.appspot.com/o/gongjeong%2Fe2046ffc-4f14-4fec-afae-f8e7ba6e141a?alt=media,O
맛이쏘,2024. 11. 6. 9:58,성남효소찜질 효소자연치유센터에서 몸 속 독소 빼기,"힐링과 함께 몸에 독소 빼기야탑 효소자연치유센터 안녕하세요. 맛이쏘예요:-)오늘은 몸 속 독소를 빼고 면역력을 높이기 위해 선택한성남효소찜질로 입소문난 효소자연치유센터를방문한 리뷰를 하려고 해요. 50m© NAVER Corp.더보기/OpenStreetMap지도 데이터x© NAVER Corp./OpenStreetMap지도 컨트롤러 범례부동산거리읍,면,동시,군,구시,도국가효소자연치유센터경기도 성남시 분당구 판교로 443 중앙빌딩 2층 205호 경기 성남시 분당구 판교로 443 중앙빌딩 2층 205호031-8023-952310:00 - 19:00매주 월요일 정기휴무  효소자연치유센터가 기존에는 케빈37.5c 였었다가새단장하면서 효소자연치유센터로 리뉴얼 되었답니다.그래서 더 쾌적하게 찜질할 수 있어서 좋더라고요.주차는 기계식 주차로 지하 주차장이 있어요.​​  대체의학1급 전문가 한동우대표님이십니다.상담도 엄청 친절하게 해주시고제가 이런 효소나 면역력, 차크라 같은 거에 관심도 많고그런 분야를 재미있어 해서 여러가지 많이 물어봤는데정말 꼼꼼하고 세심하게 설명해주세요.그리고 효소찜질이 왜 좋은지, 어떤 부분에서호전이 되는지 설명해주시는데 들을수록 꽤 흥미롭더라고요 ㅎ​​​  찜질을 하기 전에 몸의 상태를 먼저 파악하기 위해설문지 작성을 해요.체크하다보니 다 내 얘기인 거 ㅋㅋㅋㅋ​​  우선은 설문지를 토대로 혈관 분석을 시작해요.결과는 효소찜질 하기 전 과 후로 비교해서 보여드리려해요.결론은 꾸준히 하면 정말 너무 좋겠다는 생각이 들어서회원권 끊었답니다.​​​  쑥뜸을 하는 온열회복실이에요.인체의 건강온도가 37.5도 라고 하는데나이가 들수록 그 온도가 1도씩 떨어진다고 해요그래서 면역력에도 문제가 생기고여러가지 질병이 생긴다는 연구 결과도 무수히 많다고 해요.​​  그래서 제가 선택한 효소자연치유센터랍니다.저는 손발이 항상 차갑고, 소화 기능도 떨어지는데다잠을 깊이 못자는 문제까지, 점점 면역력이 떨어지는 느낌이 들더라고요.​​   ﻿효소자연치유센터는 살아있는 미생물의 발효를 통해 얻은70도의 자연발효열을 이용한 효소찜질을 하는 곳이에요.처음 보는 비주얼에 살짝 긴장되더라고요.﻿​​  모래찜질 같은 느낌의 효소찜질이에요.미생물 온열에 의해서 심부 체온을 높일 수 있고그로 인해 오장육부의 기능들이 활성화 되면서건강함과 맑은 기운을 느낄 수 있다고 합니다.​​  효소찜질 후에 쑥뜸도 진행하는데아주 건강한 향이 나는게 맡기만 해도정화되는 느낌이 들더라고요.이런 한약 냄새 너무 좋앙 ㅋ​​  탈의실이 있는데 효소찜질을 하기 위해두 번 옷을 갈아입는 과정이 있답니다.​효소 찜질하면서 땀이 많이 나거든요, 그리고미생물들이 몸에 붙어있기 때문에 샤워도 해야 합니다.그리고 새로운 옷으로 갈아입고 쑥뜸을 해요.​​  간단한 샤워 후에 정리할 수 있는 물품들이 구비되어 있어요.​​  샤워실도 깔끔하게 정리되어 있어서 좋더라고요.예약제로 운영되다보니 다른 사람들과 마주치지 않아 좋았음​​  효소자연치유센터 담당자분들이찜질을 위해 누울 수 있는 공간을 만들어 주세요.김이 모락모락 나는게 굉장히 뜨겁겠다는 생각이 들었지만뜨겁다고 말하면 식은 효소들과 섞어서적정 온도를 만들어주신답니다.​​​  모래찜질하는 느낌으로 누워 있으면효소들로 몸을 덮어주시는데이게 처음 하는거라 굉장히 긴장 되더라고요 ㅎㅎㅎ괜히 숨 막히는 느낌도 드는 거 같고뜨겁게 느껴지기도 했는데 몸이 안좋을 수록안좋은 부위가 뜨겁게 느껴진다고 하시더라고요.실제로 저는 오른쪽 종아리쪽이 되게 뜨거웠는데심장쪽이 약하거나 개선이 필요한 부분이라고 하셨어요.​​​  15분 동안 진행하는데 진짜 땀이 쫙쫙 빠져요.그리고 효소 찜질하기 전에는 어느 정도배를 채우고 오시는 걸 권정합니다.저는 빈속에 갔는데 노폐물 쫙 빼고나니 살짝 어지러웠어요.그리고 여러사람이 사용하는 공간이라 위생에 대해서도궁금해 하실 거 같은데 본사 연구팀에서도가장 신경쓰고 연구, 관리하는 부분이라고 해요.살모넬라균, 연쇄구균, 대장균 등 일반 균들은 60도 정도면사멸한다고 해요. 효소 욕조는 보통 65~70도로 유지되기 때문에염려하지 않아도 된다고 합니다.​​  예쁜 사람도 노숙자로 만든다는 효소찜질이지만이 순간만 지나면 피부도 맑아지고 환해지더라고요.그리고 매일 저녁 효소 욕조를 담당하는 교반전문가분이효소의 상태를 파악하고, 추가 공급 하신다고 해요.제 몸에서 떨어져나온 효소들은 바로 폐기된다고 하니위생에 대해서는 걱정 안하셔도 될 듯 합니다.​​​   쑥뜸하러 가기 전에 따뜻한 차 한 잔~!​샤워 후 얼굴을 봤는데 진짜 얼굴이며, 몸이며 전체적으로 뽀얗게 된거에요.화이트태닝한다고 돈 들인거 보다 더 맑아짐!!피부도 부들부들하고 맑아진게 눈에 확 보이더라고요.지금 효소찜질한지 1주일 정도 지난 상태에서 블로그 쓰는건데지금까지도 안색이 맑아져있는게 보일 정도!​​​  종아리 마사지 기계에 다리를 올리고 마사지 시작~!​​  무 아니죠, 제 다리에요.이게 진짜 덜덜덜 풀어주는건데 완전 시원해요.오래 서있는 직업군이나 하체 혈액순환 안되는 분들에게정말 좋을 거 같더라고요.집에다 들이고 싶음ㅋㅋ​​  그리고 효소찜질하면서 막혀있는 혈들이 뚫리고노폐물이 빠져나가면서 후끈 달아올랐던 얼굴에시원한 팩으로 진정시켜주기~!​​  쑥뜸은 30~35분 정도 하는데 처음 하는 사람은 적응을 위해수건 5장 정도 위에 뜸을 올려요.그리고 10분 지날 때마다 수건을 한 장씩 빼면서온도를 유지하고 끝까지 따뜻하게 찜질한다고 해요.​그래서 보통의 건강한 사람은 3장부터 시작해서끝날 때 수건이 한 장도 없다고 하는데저는 혈액순환이 안되는건지 5장도 너무 뜨거워서수건 하나 더 올려주셨어요.​​​  그리고 마지막은 고주파로 마무리를 하는데이 기계 너무 탐나더라고요.발바닥을 대고 있으면 고주파로 심부열을 올려주는건데얼굴도 마사지 할 수 있는 옵션이 있어서 좋더라고요.젊은 사람들은 얼굴쪽 고주파 하고나이 있으신 분들은 발쪽에 하신다고 ㅎㅎㅎ저는 발도 했다가 얼굴도 했는데 어우 좋아 ㅋㅋㅋ​​​  그리고 다시 혈관건강 체크!효소 찜질 전, 후를 비교해봐야 이게 정말내 몸에 좋은건지 알 수 있겠죠?​​  모든 사진은 왼쪽이 전/ 오른쪽이 후 입니다.스트레스 지수는 28->41로 나왔는데일시적으로 제가 긴장을 해서 나온 거고화살표 있는 부분이 맥박변화도인데저는 59.79로 만성 스트레스 최고레벨 느낌 ㅋㅋㅋ근데 효소 찜질을 하면서 30.62로 떨어진 거 보니내 몸이 힐링이 됐구나 하는 게 보이더라고요.​  그리고 심박변이는 펜으로 가르키신 부분인데검은색 칸에 그래프가 가득해야 건강한건데나는 쥐똥만하게 있어서 심장 쪽이 약하다는 거아무래도 예민하고 스트레스가 많은 사람일수록심장에 무리가 있을터이니..!​​​  찜질 전 사진은 평균 맥박도 약한 편에 맥파가 일정치 않고중간에 끊어짐도 보이고 했는데 찜질 후에안정되어 있는 모습이 보이니까 되게 신기하더라고요.몸에 열 1도 올리는게 이렇게나 중요하구나를 느꼈음​​​  이렇게 짤로 보니까 효소 찜질을꾸준하게 해줘야겠구나 생각이 들더라고요​​  혈관건강지수도 확연하게 달라진게 보이더라고요.내 나이 +28 살로 거의 5~60대 혈관이었는데효소자연치유센터 효소찜질하고 나니 -15세로제 나이의 혈관으로 돌아왔어요.이게 그냥 말로만 듣거나 글로 보면 딱히 안와닿는데이렇게 정확한 결과지를 보니까 몸의 온도가떨어지지 않도록 유지해야겠구나 하는 생각이 들었어요.​면역력을 위해 성남효소찜질을 검색하신다면효소자연치유센터를 추천합니다!​​ 접기/펴기효소자연치유센터에서 아토피, 건선이 호전됐어요면역력과 다이어트에 최고인 야탑효소찜질#야탑아토피#야탑건선#야탑효소다이어트#야탑효소찜질#분당효소찜질#분당효소다이어트#분당아토피#분당건선#분당찜질#야탑찜질 ​​​ ","#성남효소찜질, #분당효소찜질, #야탑효소찜질, #면역력높이는방법, #효소자연치유센터",66,https://blog.naver.com/880project1/223648982757,,X
맛이쏘,2024. 11. 4. 16:20,판교룸식당 고급 이자카야 가고 싶을 땐 풍류더블랙,"이렇게 고급진 이자카야가 판교에 있었다니풍류더블랙 안녕하세요. 맛이쏘예요:-)오늘은 판교룸식당으로 강추하는풍류더블랙 리뷰를 하려고 해요. 50m© NAVER Corp.더보기/OpenStreetMap지도 데이터x© NAVER Corp./OpenStreetMap지도 컨트롤러 범례부동산거리읍,면,동시,군,구시,도국가풍류 더 블랙경기도 성남시 분당구 대왕판교로606번길 39 럭스타워 지하1층예약 경기 성남시 분당구 대왕판교로606번길 39 럭스타워 지하1층010-4030-731117:00 - 24:00라스트 오더 23:20매주 일요일 휴무  풍류더블랙은 2인 에서 10인을 수용할 수 있는개별 냉난방이 가능한 룸 술집입니다.일식과 한식의 퓨전요리가 맛있는 이자카야예요.​​​  룸 이용시간은 최대 3시간이고대기고객이 없을 경우에는 계속 사용이 가능해요.왜 룸 이용시간이 생겼을까 잠시 생각해봤는데단체 모임에서 술 한병에 몇 시간씩 회식을 하지 않았을까 하는 ㅋㅋㅋ그리고 주차는 건물 지하에 2시간 무료 가능해서 좋더라고요.​​​  딱 들어서자마자 풍류더블랙이라는 네이밍과 아주 찰떡인인테리어가 눈에 띄더라구요.​​  유일한 판교룸식당 풍류더블랙은모든 공간이 룸으로 분리되어 있어요.그래서 모임이나 회식하기에도 아주 좋을 듯!​​  프리이빗한 공간으로 넉넉하게 사용할 수 있어요.​​   주문은 테이블오더로 하면 되고제철 2~3인 사시미와 전복게우파스타를 시켰어요.​​  다시마무침이 나왔는데땅콩 소스가 고소하니 맛있더라고요.초무침만 먹다가 새로운 소스랑 먹으니또 느낌이 색달랐음​​  수저도 개별포장으로 되어 있어서 위생적이고깔끔해서 좋더라고요.​​  먼저 나온 전복게우파스타~!진득한 게우 소스와 쫀득해보이는 전복,탱글하고 쫄깃한 면발이아주 먹음직스럽게 놓아져있어요​​  제가 게우소스를 정말 좋아해서 집에서도가끔 만들어먹기도 했는데 집에서 만들면시간도 정말 오래 걸리고 손이 많이 가거든요.그에 비해 나오는 양은 너무 적어서 만들어 먹기쉽지 않은데 여기서 이렇게 가득 먹으니까너무 맛있더라고요.크리미한 게우소스가 정말 맛있음!​​​​  그리고 나온 제철 사시미에요.보리된장과 도미, 연어, 참치뱃살과전갱이, 청어까지 다양하게 나와서뭐 부터 먹을까~~ 고민!​​  싱싱한 쫄깃함이 짤에서도 보이는 거 같죠?ㅋ​​   맨 처음 연어로 입 안 사르르 녹이기~!간장 콕 찍어서 와사비 싹 올려서 먹으면연어의 부드러움과 와사비의 알싸함이 참 잘 어울림​​  저는 회 먹을 때 김에 싸먹는게습관 아닌 습관이 되어서 혹시나 하고 여쭤보니김을 가져다 주셨어요.원래는 없는 메뉴인데 불쌍해 보이셨는지 가져다 주셨습니다기름진 뱃살은 김에 싸먹으면 정말 맛있거든요:-)조미김이 아닌데도 맛있는 건 회가 맛있는거겠죠??!!​​  그리고 새콤함 가득한 청어도 나오는데이게 호불호가 좀 있기도 하거든요.저도 기름진거랑 너무 비린 건 안좋아하는데이거는 감칠맛있고 맛있더라고요.고등어회 같은 느낌인데 위에 어떤 소스가 첨가된건지되게 잘 어울리고 향긋해서 맛있음!​​  그리고 전갱이에 보리된장이랑 시소 잎 살짝 올려 먹었더니된장의 구수함이 살짝 느껴지면서시소의 향이 톡 치고 가는 느낌이라 소주가 술술 들어감​​  도미도 어찌나 쫀득한지그냥 간장만 찍어 먹어도 맛있는데보리된장이 굉장히 잘 어울리더라고요.​​  회가 아주 쫄깃하고 입 안에 감칠맛이 훅 돌아댕김그래서 소주 먹고 회 한 점 딱 먹으면입 안에서 막 회들이 춤추는 거 같음​​​  이렇게 아주 싹싹 먹었지요 ㅋㅋㅋㅋ​​  그리고 가는 길에 이런 센스까지~!아주 개운하고 좋더라고요 ㅋㅋㅋ​​  판교룸식당 고급 이자카야 가고 싶을 땐 풍류더블랙 추천합니다!!​​ 접기/펴기판교에서 유일하게 룸으로 된 술집판교룸식당 고급 이자카야 풍류더블랙#판교룸술집#판교룸식당#판교룸맛집#판교룸이자카야#판교룸있는#판교회식장소#판교모임하기좋은#판교이자카야#판교술집#판교술집추천 ​​  ​ ","#판교회식, #판교이자카야, #판교룸식당, #판교룸술집, #풍류더블랙",54,https://blog.naver.com/880project1/223646452134,https://firebasestorage.googleapis.com/v0/b/reviewnote-e92d9.appspot.com/o/gongjeong%2F2ebf6dfc-2e54-4617-aa96-560270da0ef0?alt=media,O
맛이쏘,2024. 11. 3. 10:23,이천 시내 맛집 이천 파스타로 유명한 중리동 파스타 클럽,"입에 착착 감기는 파스타의 진한 맛과 향중리동 파스타 클럽 안녕하세요. 맛이쏘예요:-)오늘은 이천 시내 맛집이자 이천 파스타로 유명한중리동 파스타클럽 리뷰를 하려고 해요.​ 50m© NAVER Corp.더보기/OpenStreetMap지도 데이터x© NAVER Corp./OpenStreetMap지도 컨트롤러 범례부동산거리읍,면,동시,군,구시,도국가중리동 파스타 클럽경기도 이천시 중리천로 40예약 경기 이천시 중리천로 400507-1386-748211:00 - 21:00브레이크 타임 15:00 - 17:00라스트 오더 14:30, 20:30매주 수요일 정기휴무  이천 시내 맛집이자 데이트코스로 많이 찾는중리동 파스타 클럽은 외관부터 감성이 뿜뿜합니다.​​  중리동 파스타 클럽 메뉴가 입간판으로입구에 있어서 한 눈에 볼 수 있어요.지나가면서 들어오시는 분들도 많더라고요.​​  그린과 적갈색, 우드 인테리어가 너무 예쁘더라고요.그리고 들어서면 잔잔한 재즈 음악이 나오는데부담스럽지 않은 편안한 분위기라 데이트하기 좋을 것 같더라고요.​​​  테이블간 간격이 넓고 분리가 잘 되어 있어서간섭받지 않고 대화에 집중할 수 있는쾌적함이 너무 좋았어요.​​​  단체모임도 가능하기 때문에특별한 날 회식이나 기념일을 챙기기도좋을 거 같더라고요.​​  웨이팅 공간과 아기의자까지 구비되어 있어서가족모임으로도 아주 좋음​​   화장실 마저도 감성적임들어서자마자 향긋함이 가득해서기분 좋아지는 화장실입니다 ㅋ​​​  중리동 파스타 클럽 주문은 테이블 키오스크로 하면 되고이벤트도 하고 있기 때문에 참여하면 좋을 거 같아요.트러플 문어 먹물 리조또와 토마토 해산물 파스타,데리야끼 살치챠를 주문했어요.​​​  식전빵과 피클이 나오는데따뜻하니 고소한 향이 나더라고요.​​  발사믹에 찍어서 딱 먹으면새콤하면서 감칠맛이 나는데이 식전빵이 너무 부드럽고 맛있는 거 있죠​​  먼저 토마토 해산물 파스타가나왔어요.가리비랑 새우, 날치알이 가득 들어있어요.날치알이 특히 원없이 들어있어서 식감이 매우 좋음​​  면도 딱 알맞게 익었고, 소스가 새콤하고 입에 착착 붙더라고요.해산물향도 가득 해서 정말 맛있음!거기에 날치알까지 가득해서 식감이 정말 좋았음​​  가리비가 정말 튼실해서 식감도 좋고신선한 맛이 확 나더라고요.쫄깃하면서 바다향이 기분좋게 퍼지는게이천 파스타로 입소문날 수 밖에~!​​  트러플 문어 먹물 리조또는 강렬한 먹물소스에문어와 감자가 플레이팅 되어 나왔어요.음식에서 블랙색상이 짜파게티 말고는 거부감이 들기쉬운데중리동 파스타 클럽 리조또는 색감이 예뻐서얼른 먹어보고 싶다는 생각이 들더라고요.​​   트러플향이 가득해서 입맛이 싹 돌더라고요.진득한 먹물소스에 향긋한 트러플까지 첨가되어서정말 맛있더라고요.​​  거기에 포슬포슬한 감자와 쫀득한 문어까지다양한 식감을 느낄 수 있어서 좋았음​​​  데리야끼 살치챠도 나왔는데도우가 아주 도톰하고 화덕에 구운건지인도의 난 같은 느낌이 들었어요.​  수제소제지와 데리야끼소스가 너무 잘 어울려요.토핑도 가득해서 이거 하나 먹으니밥 한공기 먹은 느낌임 ㅋ​​  핫소스랑 같이 먹으면 느끼함을 잡아주고새콤매콤한 감칠맛이 추가 되어서더욱 맛있게 즐길 수 있어요.​​  도우가 정말 쫄깃한게 너무 맛있더라고요.도우가 두꺼우면 밀가루맛이 나기 쉬운데중리동 파스타 클럽 도우는 쫀득하면서도우 자체만으로도 너무 맛있음​​​  다 먹고 나가려는데 들어왔던 입구 말고도후문인지 정문인지 나가는 길이 또 있더라고요.​​  나갔더니 세상에나 이렇게나 감성이 가득!외국여행 온 느낌이랄까, 밤이 되니까 조명까지 해서 더 예뻤음​​  이 쪽으로 들어가면 또 다른 감성을 느낄 수 있음전체적인 인테리어가 너무 예쁨​​  뭔가 여름날의 제주도 느낌이 나는 거 같지 않아요?어쩜 이렇게 인테리어를 예쁘게 하셨을까 생각들었음​이천 시내 맛집을 찾으시거나이천 파스타 맛을 제대로 느끼고 싶으시다면중리동 파스타 클럽을 추천합니다~!​​​  ​ ","#이천파스타, #이천시내맛집, #이천데이트, #중리동파스타클럽",130,https://blog.naver.com/880project1/223644762930,https://firebasestorage.googleapis.com/v0/b/reviewnote-e92d9.appspot.com/o/gongjeong%2F11403cb9-0c7b-4dc3-b7cb-4b8ab7d728b3?alt=media,O
맛이쏘,2024. 11. 1. 8:59,하남덮밥 찐맛집 덮밥은 더퍼가 최고임,"덮밥맛집 찾았다!하남 더퍼 안녕하세요. 맛이쏘예요:-)오늘은 하남덮밥 찐 맛집 더퍼를 리뷰하려고 해요.​ 50m© NAVER Corp.더보기/OpenStreetMap지도 데이터x© NAVER Corp./OpenStreetMap지도 컨트롤러 범례부동산거리읍,면,동시,군,구시,도국가더퍼경기도 하남시 미사강변한강로 350 1층 더퍼예약 경기 하남시 미사강변한강로 350 1층 더퍼0507-1404-258411:30 - 21:00라스트 오더 20:30격주 일요일 정기휴무  하남덮밥 찐맛집 더퍼는 코스트코랑 스타필드가 근접해 있어서장보기 전, 후로 방문하기 아주 좋은 위치에 위치해있어요.​​   전체적인 분위기가 편안하고 좌석간 간격도 넓어서아이들과 함께 방문하기도 좋겠더라구요색감이나 톤이 너무 내 스타일~!​​  영화를 틀어주는 스크린이 있어서음식이 나오기 전까지 감상할 수 있어요.제목은 모르는데 꽤 재밌어서 집중하고 보게 되더라고요 ㅎ​​  하남덮밥맛집 더퍼의 메뉴입니다.한창 덮밥이 인기 있을 때 덮밥맛집 찾다가눈여겨본 더퍼였는데드디어 먹어보게 되네요 ㅎ소고기더퍼, 곤이&새우더퍼, 갈비찜더퍼를 시켰어요.​​  개별포장되어 있는 수저라 먼지도 안쌓이고위생적이라 좋더라고요.​​  볶음김치가 정말 맛있어요.밥 비벼먹고 싶은 맛!볶음김치더퍼도 있으면 좋을 듯​​   저는 이 새콤한 무피클이 참 맛있더라고요.무생채와 피클의 맛 그 가운데인데딱 먹으면 기분좋은 개운함이 가득함​​  드디어 나온 더퍼의 덮밥 삼총사!국은 그 날 그 날 다른 거 같은데 이 날은소고기무국이 나왔어요.감칠맛과 시원함이 가득해서 밥 말아먹고 싶었음거기에 볶음김치 딱 올려서 먹으면두공기는 뚝딱인데!​​  소고기더퍼는 더퍼만의 숙성간장을 사용하여진하게 볶아낸 소고기볶음덮밥이에요.소고기를 갈아서 볶은거라 어린아이들도 먹기 편하고감칠맛이 은은하게 있어서 든든하게 먹기 좋더라고요.​​  갈비찜은 압력밥솥에 수제 간장소스와돼지갈비를 넣어서 푹 익혔다고 해요.그래서 굉장히 부들부들, 야들야들해요.특히 간장소스가 너무 맛있어서 한 입 딱 먹자마자입 안에 단짠의 정석을 느낄 수 있습니다.​​  곤이&새우는 매콤한 해물찜 소스에콩나물과 새우, 곤이가 가득 들어있어요.​​  계란노른자를 탁 풀어서 야무지게 섞어주어요.​​  그럼 굉장히 부드럽고 윤기나는 더퍼 완성!듬뿍 떠서 한 입 왕 먹으면 고슬고슬한 식감과감칠맛나는 소스가 딱 느껴져요.아이들이 참 좋아할 맛!​   볶음김치 올려서 먹으면 너무 맛있더라고요.새콤하면서 입에 매콤함이 툭 치고 가는 느낌개인적으로 볶음김치 와다다 부어가지고비벼 먹으면 정말 맛있겠다 생각했음​​  갈비찜도 고기가 정말 가득 들어있어요.비비면서도 이거 다 먹을 수 있겠지? 했음 ㅋ​​  밥알이 살아있어서 식감이 굉장히 좋더라고요.고기랑 밥알이 입안에서 춤추는 느낌임​  볶음김치 무피클 동시에 올려서 먹기상큼함과 매콤함과 단짠이 한 번에 느껴지는 맛은먹어봐야 아는 맛입니다 ㅋㅋ​​  곤이새우도 재료가 정말 많이 들어있어서1.5인분 정도 되는 거 같아요.​​  윤기가 아주 좔좔~!해물찜 국물에 밥 비벼 먹는 느낌이에요.딱 내가 좋아하는 스타일​​  새우가 진짜 굵직하고 탱글한데조리법이 남다른건지 정말 맛있더라고요.버터구이로도 먹어보고 싶다 생각함​​  매콤하니까 새콤한 무피클 얹어서 먹으면입에 착착 감기는게 계속 먹게 되더라고요.무피클은 레시피 알고 싶을 정도로 맛있었음레시피를 안다한들 그 맛은 안나겠지만 ㅋㅋ​​  진짜 제대로 클리어한 모습입니다 ㅋㅋ늦은 시간에 간 거라 거의 마감할 때 갔는데너무 맛있어서 초스피드로 먹음그리고 마감 시간이 다 되어 가는데도 계속 배달어플 울려서여기가 진짜 덮밥 맛집이구나 했지요.​든든하게 한 끼가 먹고 싶을 때는하남덮밥 더퍼에서 꼭 먹어보세요!​​ 접기/펴기종류도 다양하고 진짜 맛있는 덮밥 맛집하남덮밥 맛집 망월동 맛집 더퍼#하남덮밥#하남덮밥맛집#하남맛집#망월동맛집#망월동덮밥#망월동더퍼#하남더퍼#하남미사맛집#미사맛집#미사점심 ​​  ​ ","#미사덮밥, #하남덮밥, #망월동덮밥, #미사맛집, #하남맛집, #망월동맛집, #더퍼",71,https://blog.naver.com/880project1/223642225528,https://firebasestorage.googleapis.com/v0/b/reviewnote-e92d9.appspot.com/o/gongjeong%2F79ed7055-adc6-4f08-8059-744e369f6386?alt=media,O
맛이쏘,2024. 10. 30. 10:30,서현역샤브샤브하면 역시 서현역맛집 미면정이지 + 주차정보,"진한 육수와 신선한 채소, 담백한 고기가 가득한 곳미면정 서현점 안녕하세요. 맛이쏘예요:-)오늘은 서현역샤브샤브로 강추하는서현역맛집 미면정 리뷰를 하려고 해요.​ 50m© NAVER Corp.더보기/OpenStreetMap지도 데이터x© NAVER Corp./OpenStreetMap지도 컨트롤러 범례부동산거리읍,면,동시,군,구시,도국가미면정 서현점경기도 성남시 분당구 황새울로335번길 8 덕산빌딩 2층 201호, 203호예약 경기 성남시 분당구 황새울로335번길 8 덕산빌딩 2층 201호, 203호0507-1422-557911:00 - 21:00브레이크 타임 15:00 - 17:00** 주차1- AK플라자 3시간 무료주차(미면정 영수증 지참시)- 월,화,수,목 8시까지 금, 토,일 8시30분까지 주차가능** 주차2​- 오후2시까지 주차단속 유예(매장 앞 도로변 주차)** 주차3- CGV주차장 이용시 1시간 이용권 지원 (1시간 이후 10분당 1,000원)  서현역맛집으로 이름있는 미면정은대중교통을 이용하면 역에서도 가깝고자차를 이용하면 주차시간도 넉넉하게 주기 때문에편하게 밥 먹을 수 있어서 매우 좋더라고요.​​​  서현역샤브샤브로 강추하는 미면정은백성들이 배불리 먹을 수 있게 쌀과 면이계속 뿜어져 나오는 우물을 뜻한다고 해요.​​  미면정에 들어서자마자 대기석이 깔끔하게 있어요.​​  저는 오픈하자마자 간건데도 이미 사람들이 꽤 있었다는!웨이팅은 일행분들이 모두 도착하셔야 자리배정이 가능함​​​  깔끔한 인테리어와 좌석 간 간격이 넓어서쾌적하게 이용할 수 있어요.그리고 파티션으로 공간이 나뉘어져 있기 때문에회식이나 모임하기에도 아주 좋음​​​  주문은 키오스크로 하면 되기 때문에 편리하더라고요.​​  미면정 서현점의 가격을 보면한우임에도 불구하고 가성비가 굉장히 좋아보여요우리는 설깃 샤브정식으로 주문했어요.​​  원산지도 깔끔하게 표시되어 있어서 굿굿​​  푸짐한 셀프바~!기본적으로 나오는 채소 외에 리필을 하고 싶다면셀프바를 이용하면 된답니다.​​  밥과 그릇도 가져갈 수 있게 깔끔하게 정리되어 있어요.​​  샤브샤브를 먹고 칼국수와 들깨죽도 나오는데맛있게 먹는 방법이 친절하게 적혀있어요.이대로 먹으니까 칼국수도 딱 쫄깃하고들깨죽도 정말 진득하니 고소하고 맛있더라고요.​​  육수가 나오는데 정말 진하더라고요.그냥 먹어봤는데 육수가 아주 깔끔하고 시원함​​​   그리고 개인상이 차려지는게 너무 좋더라고요.이렇게 한상으로 나오니까 더 깔끔하게 먹을 수 있어요​​  흔히 먹기 힘든 노루궁뎅이 버섯이통으로 딱 나오는데 아주 튼실하고 싱싱해보임​​  각종 야채와 버섯들이 깔끔하고 푸짐하게 나와요.야채들이 얼마나 싱싱하던지 그냥 생으로 먹어도 될 듯​​  한우 설깃이 나오는데 마블링도 그렇고샤브샤브해서 먹는데 질기지도 않고부드러운게 너무 맛있더라고요.​​  이렇게 한 상 가득 나오니마음이 아주 풍요로움 ㅋㅋ​​  채소로 시원한 맛 추가~!처음부터 아주 가득 넣어서 육수 우려주기​​​  육수가 끓을 때까지 노루궁뎅이버섯을 먹어보아요.한 입 크기로 잘라서 먹으면 된답니다.​​  이렇게 소금장에 딱 찍어서 먹는데버섯의 향긋하고 시원한 향이 쫙 들어오더라고요.소금의 짭조름함과 참기름의 고소함이버섯과 너무 잘 어울림​​​​  그리고 나온 배추만두인데 너무 귀여운거 있죠 ㅋㅋ어쩜 이렇게 아기자기하게 색감도 이쁜지!​​  만두가 세상 쫄깃한데 안에 육즙을 아주 가득 머금고 있어요.만두피가 두꺼우면 식감이 떨어질거라고 생각했는데만두피랑 안에 소가 너무 잘 어우러지고육즙이 팡 하고 터져서 먹으면서 어머머 너무 맛있다 했잖아요.​​​   그렇게 먹는 동안 채소육수가 아주시원하게 우러나고 있어서 이제 설깃을 넣어줘요.금방 익기 때문에 3초 정도 담궜다가 빼면 완성~!​​​  이렇게 각자 떠서 먹으니까 위생적이고깔끔해서 매우 좋음왼쪽부터 땅콩소스, 궁채장아찌, 김치밑에 칠리소스, 겨자소스까지 완벽!​​  몸에 좋은 거 먹고 싶을 때는 미면정 서현점으로 고고!집에서 잘 안먹게 되는 채소와 버섯들을 가득 먹을 수 있음칠리소스 푹 찍어 먹어도 자극적이지 않고딱 알맞게 매콤해서 너무 맛있음​​  야채랑 설깃이랑 먹으니까 건강하고 맛있는 맛!​​  땅콩소스도 너무 고소하고 맛있더라고요.또 먹고 싶당​​  목이버섯도 잘 안먹는데 여기서 왕창 먹음꼬들꼬들한 식감이 아주 좋군​​  양껏 먹고 후식으로 칼국수 타임~!모래시계 준비!​​  칼국수를 넣고 모래시계를 돌려서모래가 다 떨어질 때까지 기다립니다.​  그러면 이렇게 딱 탱글하면서 쫄깃한 면발을 만날 수 있음매번 샤브샤브에 있는 칼국수 먹을 때익었느지 안익었는지 먹어보다가 밀가루맛도 느끼고 했었는데이렇게 시간이 딱 정해주니 알맞게 익더라고요.진하고 시원한 육수에 제가 사랑하는 칼국수까지 딱 먹으니까진짜 속 풀리고 너무 좋음​​​  그리고 마지막 후식으로 들깨죽까지 먹어줘야죠​​  국물 자박하게 남긴다음에 죽 넣고들깨가루까지 넣어주면 세상 맛있음​​  진짜 쫀득하면서 걸죽하고짭조름하면서도 감칠맛이 느껴지는데이것만 먹어도 보양죽 먹는 느낌이랄까​​  궁채장아찌까지 얹어 먹으면새콤하고 시원한게 계속 먹고 싶은 맛임그래서 집에서도 먹고 싶어서 2인 포장주문했음​​​  포장이 나올 때가지 기다리면서 이런게 있어서 보니까약간 점사 같은 느낌으로 행운의 글귀 뽑는게 있었음중국에 포춘쿠키가 있다면미면정 서현에는 이게 있다~!!!ㅋㅋ딱 뽑았는데 저 문구가 나와서 뭔가 힐링된 느낌​​​  포장을 받았는데 진짜 거대해서 놀랐음2인인데 무슨 4인처럼 주는거 ㅋㅋㅋ미면정 서현점에서 먹고 좀 놀다 갈 계획이어서들고 다니는데 사람들이 뭐 저런 큰 걸 들고 댕기나 했을 듯​앞으로서현역샤브샤브하면역시 서현역맛집 미면정이라고 할 수 있을 거 같음완전 강추!​​ 접기/펴기점심식사로도, 회식, 모임장소로 딱 좋은 서현역 맛집서현역 점심맛집 미면정#미면정서현#서현역점심맛집#서현역맛집#서현점심맛집#서현점심맛있는#서현회식장소#서현역회식#서현회식#서현샤브샤브#서현역샤브샤브 ​​​ ","#서현역샤브샤브, #서현샤브샤브, #서현역점심맛집, #서현점심맛집, #미면정서현점, #서현역맛집",83,https://blog.naver.com/880project1/223637895746,,X
맛이쏘,2024. 10. 28. 13:41,강릉 힐링 여행 아이와 함께 가볼만한 곳 뒷뜨루,"스트레스를 한 방에~! 숲 속에서 힐링을강릉 뒷뜨루 안녕하세요. 맛이쏘예요:-)오늘은 강릉 힐링 여행을 한 후기를 포스팅 하려고 하는데요.아이와 함께 가볼만한 곳으로 강추하는 뒷뜨루 입니다.​ 50m© NAVER Corp.더보기/OpenStreetMap지도 데이터x© NAVER Corp./OpenStreetMap지도 컨트롤러 범례부동산거리읍,면,동시,군,구시,도국가뒷뜨루강원특별자치도 강릉시 사천면 청솔공원길 108 뒷뜨루예약 강원 강릉시 사천면 청솔공원길 108 뒷뜨루0507-1352-946610:00 - 18:00매주 목요일 휴무  강릉 힐링여행으로 선택한아이와 함께 가볼만한 곳 뒷뜨루 입구에요.여기로 내려가다보면 나오는데가는 길이 미지의 세계로 가는 입구 같음​​  주차장도 굉장히 넓고 편함매표소에 있는 키오스크로 입장권을 구매하면 된답니다.우리는 당근 체험학습으로 구매했어요.​​​  들어가자마자 보이는 순둥이~!생긴 거랑 다르게 정말 순둥순둥해요.손도 주고 앉아도 잘함​​  아이와 함께 가볼만한 곳으로 찾고 찾다가뒷뜨루로 온 이유가 체험도 할 수 있고 꽃과 숲으로힐링할 수 있는 관광농원이라 선택했는데생각보다 넓고 테마가 있어서 오길 잘했다고 생각했어요.​​​  귀엽게 따라오라는 화살표도 있음 ㅋ​​  들어가면 이렇게 귀여운 냥이가 반겨줌얼마나 예쁘던지 ㅎㅎ개냥이라서 엄청 잘 따라다녀요 ㅎ​​  입구에서 들어가자마자 우와아~ 했던 메인홀이에요.형형색색의 예쁜 드라이플라워들이 가득하더라고요.​​  아이와 함께 가볼만한 곳으로 뒷뜨루가 좋은게미술관처럼 갤러리가 있어서 차분하게 둘러보기 좋더라고요.​​​  너무 예쁜 작품들이 많아서 여기서도 한참을 구경했어요.​​  너무 예쁜 냥이가 또 반겨줌이 사진 진짜 완전 베스트~!!​​  뒷뜨루는 부부가 조금씩 천천히가꾸어나가면서 완성된 관광농원인데이 드라이플라워도 하나하나 직접 손수 말려서이렇게 전시해놓으신거라고 해요.정성이 진짜 대단하심~!​​​   그리고 문을 나가면 힐링 숲 속이 나와요.맑은 물소리랑 크고 웅장한 나무와 풀, 꽃들이 모여있어요.​​  매일 스마트폰 아니면 텔레비젼만 보니까강릉으로 힐링 여행하자 하고 온 곳인데풀 내음이랑 시원하고 울창한 숲이 있으니힐링되고 좋더라고요.​​​  핸드폰 화면이 아닌 눈으로 직접 이런 잉어도 보니까신기하고 재미있고 관리가 굉장히 잘되어서 그런지잉어들도 색상이 굉장히 진하고 예쁘더라고요.​​  앉아서 쉴 수 있는 공간이 곳곳에 있기 때문에구경하다가 잠시 앉아서 쉬기도 하고 그랬답니다.​​  가만히 앉아서 하늘보고 나무보고 하니까너무 좋은 거 있죠.이런 세상을 아이들이 주위에서도 많이 봐야 하는데이렇게 직접 찾아다니면서 봐야 한다니 ㅠ​​​  구경하고 당근 교환해서 먹이체험을 하러 가기로~!당근 교환은 입구 들어오자마자 드라이플라워 있던그 곳에서 교환하면 된답니다.당근이 진짜 크고 단단해요.시장에서 팔면 완전 특품일 듯 ㅋ​​  바깥쪽으로 나가면 또 넓은 공간들이 나와요.이렇게 구석구석 찾아다니는 재미가 있음.​​  토끼 먹이는주는 공간이에요.​​  토끼 당근은 처음 줘봤는데 너무 귀여운 거  ㅋ그리고 오도독 갉아 먹을 때 손으로 느껴지는게아이들한테도 저한테도 처음있는 경험이라너무 재밌기도 하고 잘 먹으니까 뿌듯 ㅋㅋ​​  와중에 잘 못먹는 애들도 있어서그 아이들 위주로 줬어요 ㅋ​​  그리고 말에게도 당근 주러 가기~!망아지 느낌의 작은 말이 있어요.동키같은 느낌?ㅋ​​  토끼처럼 오독오독 먹을거라 생각했는데 ㅋㅋ한 방에 뺏김 ㅋㅋㅋ다른 한마리는 주지도 못했는디 ㅋㅋ그래서 당근 추가로 사와서 나눠주었지요.​​​​   그리고 위 쪽에 오두막 같은 곳이 있어서거기 올라가니 시원하고 좋더라고요 ㅎ​​  토끼랑 말 먹이주는 곳 옆 쪽에 식물원이 또 있어서가봤는데 열대우림의 느낌으로 꾸며져 있었어요.​​  시원하게 폭포수도 내려오더라고요.소리만 들어도 스트레스 싹 풀리는 느낌~!​​  이걸 어떻게 두 분이서 다 꾸미셨나 싶을정도로정말 조화가 좋게 꾸며져 있더라고요.진짜 곳곳이 포토존이라 사진 오백장 찍음​​  또 한 켠으로 가다보면 버드나무도 있어요.바람이 찰랑이는게 참 이쁘더라고요.​​  그 옆 으로 핑크뮬리도 있어요.가까이서 보는 거 처음인데 핑크핑크한 안개 같았어요.진짜 가는 곳마다 우와~ 예쁘다~! 우와~ 사진찍자! 했음​​  이 길도 어찌나 이쁘던지여기서 사진 또 오백장 찍음 ㅋㅋㅋㅋ​​​  어느정도 둘러본 후 음료는 테이크 아웃으로~!컵홀더마저 너무 뒷뜨루 스타일이라 예쁨​​​  2층이 있는지 몰랐는데 꼬꼼마가 2층도 있다면서ㅋ이런건 또 참 잘찾음 ㅋㅋ그래서 올라가봤는데 단체석도 있고2층에서 바라본 풍경도 참 편안하고 좋더라고요.짤 용량 때문에 좀 정신없게 움직이긴 하죠?ㅋㅋ​​  그리고 나갔다가 어? 이거 안봤는데? 하면서 다시 들어옴 ㅋㅋ​​  문을 열고 들어가면 이렇게 아름다운 빛으로 만든 터널이 딱~!​​  천천이 걷는데 몽환적인데다 빛들이 휘황찬란해서홀린듯한 느낌이 들었음​​  공포영화의 한 장면처럼 찍혔는데직접 보면 되게 핑크핑크하고 예쁨​​  안쪽으로 좀 더 들어가면 천으로 된 문이 있는데​​  들어가면 또 다른 느낌의 빛의 터널이~!진짜 쉴 틈없이 구경하고 탄성지르느라시간이 훅훅 가더라고요ㅋ​테마도 어찌 이렇게 잘 짜신건지각자 이 지역, 저 지역 따로 보러 다녔던 테마를이렇게 뒷뜨루에서 한 번에 보니까너무 좋더라고요.​강릉 힐링 여행을 생각 중이시라면아이와 함께 가볼만한 곳 뒷뜨루를 강추합니다~!​ 접기/펴기부모님과, 아이들과 가면 너무 좋은 강릉 힐링 여행아이와 함께 가볼만한 곳 뒷뜨루#강릉여행#강릉핑크뮬리#뒷뜨루#아이와함께가볼만한곳#강릉체험학습#강릉체험여행#강릉아이들과가볼만한곳#강릉아이와가볼만한곳#강릉데이트#강릉카페 ​ ","#강릉여행, #강릉가볼만한곳, #강릉놀거리, #뒷뜨루",97,https://blog.naver.com/880project1/223636663794,,X
맛이쏘,2024. 10. 25. 9:50,정자동미용실 추천 중단발펌 잘하는 헤어바이해열,"드디어 거지존 탈출정자동 헤어 by 해열 안녕하세요. 맛이쏘입니다:-)오늘은 정자동미용실 추천을 하려고 해요.중단발펌 맛집인 헤어바이해열인데요.드디어 거지존 탈출했습니다!​ 50m© NAVER Corp.더보기/OpenStreetMap지도 데이터x© NAVER Corp./OpenStreetMap지도 컨트롤러 범례부동산거리읍,면,동시,군,구시,도국가헤어 by 해열경기도 성남시 분당구 정자일로 121 더샾스타파크 쇼핑몰2층 F-11호예약 경기 성남시 분당구 정자일로 121 더샾스타파크 쇼핑몰2층 F-11호031-8022-5005월-금 10:00 - 19:00토 10:00 - 18:00매주 일,월 휴무  머리 하기 전의 비포 모습입니다.뭔가 어설픈 거지존이라 거의 매일같이 묶고 다녔거든요새로운 스타일을 해보고 싶어서정자동미용실을 찾다가중단발펌을 잘한다는 헤어바이해열을 찾았지요​​​  쇼핑몰 2층에 위치한 헤어바이해열입니다.​​  인테리어가 아주 깔끔해요.예약을 하고 간거라 한산하고 좋더라고요 ㅎ​​​  거지존이 싫어 묶었던 머리를 풀렀더니이렇게 자갈치머리가 되었네요.전체적으로 착 붙은 부스스함이 싫어서헤어바이해열을 찾았는데어떻게 변할지 두근두근!​​  정확한 머리 상태를 위해 샴푸실로 고고씽이 샴푸의자 목도 안불편하고 되게 편했어요.​​   샴푸 후 앉았는데 헤어바이해열이 특이했던 건거울이 와이드 티비 느낌이에요그래서 더 직관적으로 내 상태를 체크할 수 있어 좋더라고요.​​  저의 머리는 헤어바이해열의 재호 디자이너님께 맡겼어요.우선은 끝에 상한 부분과 전체적으로 기장 정리를 하는 중입니다.​​​  그리고 상하지 않은 두피쪽 머리카락과밑에 상한 부분의 펌을 같이 하기 위해두피쪽 먼저 약품으로 처리해주고 계시는데선생님의 그루브가 남다름​​  두피 쪽 약품을 바르고 열처리 하는 모습이흡사 에어리언같음변신을 위해서라면 이정도쯤이야 라고 생각했는데다른 손님들이 많지 않았던게 너무 다행이었음​​  그리고 롯트로 정성스럽게 말아주시는데그르부와 함께 오와 열을 맞추어 각잡고 대칭으로 말아주심아, 나는 히피펌과 젤리펌 그 사이로 진행해주셨음​​   다시 에일리언 등장 ㅋㅋㅋㅋㅋㅋㅋ​​  열처리를 끝내고 잠시 열 식히는 중늦은 시간에 간거라 한적하니 좋더라고요 ㅋㅋ​​  그리고 중화를 해주시는데 엄청 꼼꼼하게 해주심전체적으로 재호 선생님이 되게 부드럽고온화한 스타일이시라 파워 I인 나도편안하게 머리할 수 있어 너무 좋았음.​미용실 갔을 때 그 특유의 북적임과 외향인들이집단으로 있는 듯한 느낌은 뭔가 부담스러운데차분하고 스무스한 헤어바이해열이 너무 좋더라고요 ㅋㅋㅋ​​  드디어 나온 펌~!머리가 상한 것치고 너무 잘 나왔음재호 선생님 실력이 굿굿​​  아무래도 머리가 전체적으로 상해있기 때문에최대한 타올드라이를 하고 드라이기는최소한으로 하는게 부스스해지지 않고컬을 유지할 수 있다고 머리 말리는 방법이랑친절하게 알려주심​​​  거지존이라 머리를 어찌해야 하나 했는데이렇게 또 예쁜 펌을 하게 되어서 넘나 행복함​​  집에 오는 길에 머리카락이 마르면서이렇게 자연스럽고 느낌있는 컬이 되더라고요.머리도 하고 기분 전환도 되고거지존도 탈출하고 너무 좋았음​​​  ​정자동미용실 검색하고 있으시다면헤어바이해열 추천합니다!​​​​ ","#정자동미용실, #단발펌, #숏커트, #분당미용실, #정자역미용실, #헤어바이해열",41,https://blog.naver.com/880project1/223631377670,,X
맛이쏘,2024. 10. 23. 13:16,태전동마사지 맛집 피로 싹 풀리는 더풋샵 경기광주점,"하루의 피로가 싹 날아가는 순간더풋샵 경기광주점 안녕하세요. 맛이쏘예요:-)오늘은 태전동마사지 맛집으로 찜한더풋샵 경기광주점 리뷰를 하려고 해요. 50m© NAVER Corp.더보기/OpenStreetMap지도 데이터x© NAVER Corp./OpenStreetMap지도 컨트롤러 범례부동산거리읍,면,동시,군,구시,도국가더풋샵 경기광주점경기도 광주시 태전중앙로 16 서원프라자 3층 경기 광주시 태전중앙로 16 서원프라자 3층031-797-8898매일 10:00 - 22:00*주차안내: 건물뒷편 주차라인 건물 수동주차 타워 (서원1동,2동 리프트 모두 가능)[T맵주차 X] 건물 앞 공터 (도로X)  태전동마사지로 요즘 핫한 더풋샵 경기광주점은도로변에 있고 3층에 위치해 있어요.주차는 리프트로 가능한데 제 차는 안들어가서그 앞 공터에 주차했답니다.​​  아무래도 학원밀집지역이라 아이들이 많더라고요 ㅋ아이들은 공부하러 학원 가고~나는 스트레스 풀러 더풋샵 가고~ㅋㅋ​​  더풋샵 경기광주점은 임산부 관리는 받을 수 없어요.그리고 케어를 받기 전에 내 몸 상태를 전달해야 한답니다.선천적으로나 질병이 있는 부분을 이야기 해주어야 한다고 해요.힐링을 위해 왔다가 더 아프면 큰일이니 이 부분은 꼭! 말해주세요.그리고 꽝이 없는 뽑기 이벤트도 있는데회원권을 하면 뽑을 수 있는 것 같아요.처음 받아봤는데 충분히 회원권 끊고 다닐만 함!!​​​  딱 들어서자마자 향긋한 아로마향이 반겨줌전체적으로 깔끔한 인테리어라들어서는 순간부터 힐링 됨​​   신발장의 열쇠로 탈의실까지 사용할 수 있어요.​​​  마사지를 받기 전에 족욕을 할 수 있는 공간~!꽃잎 매트가 너무 귀여웡따뜻하게 족욕하면서 발의 피로도 풀어 줍니다.​​  더풋샵 경기광주점은 치료를 목적으로 하는 것이 아닌피로회복 및 힐링의 시간을 갖는 여가문화샵이에요.여기서 난 치료하겠다!라는 것보다마음의 평화를 찾는다고 생각하고 즐겨주세요 ㅋ​​​​  남자, 여자 탈의실이 따로 구분되어 있어서 좋더라고요.​​  깔끔하게 구비 되어 있는 탈의실~!맞는 사이즈를 찾아서 입고 탈의 후저 구멍 안으로 쏘옥 넣어주시면 된답니다.​​   가볍게 족욕타임~!무로 육수 우리는 거 아니죠~ 족욕하는 겁니다.발가락이 매우 수줍군​​​  그리고 어깨에 찜팩도 주시는데이거 너무 따뜻하고 좋더라고요.집에서 하면 이런 개운한 느낌이 안드는디 ㅠ비가 오는 날에 날씨도 추워져서 딱 잘왔다 싶었음​​  태전동에 마사지 많이 다녀봤는데인테리어가 이렇게 호텔 느낌으로 된 건 또 처음이라내가 고급 호텔을 왔나 착각이 들 정도로아주 깔끔하고 쾌적했음​​​  은은한 향과 클래식이 나오는데몸이 릴렉스 되면서 너무 좋더라고요.집에도 이런 아로마향을 좀 해놔야겠어요.​​​  얼굴을 맞닿는 천도 어찌나 부드럽던지!마사지를 하는 중간에 찍기가 힘들어서내용을 간략하게 말하자면마사지를 좋아해서 마사지 맛집이라는 곳검색해서 찾아서 다니고 그랬었거든요.​저의 있는 힘껏 승질난 승모근을 이렇게시원하게 잠재워 준 마사지는 처음인 거 같아요.​진짜 아픈데 시원하다 하는 말이 딱 들어맞음​여기를 풀어주는데 이렇게 시원하다고??!!이 부분을 마사지하면 이렇게나 시원하다고??!​와 이거는 기억해뒀다가 다른 사람들 해주면극락가겠구나 싶더라고요 ㅋ​​​  저 아니라고 부정하고 싶은데 부정할 수가 없네다리도 풀어주시는데 진짜 종아리 뿌셔~!완전 시원해요. 이게 손으로 하시는 건지괄사 같은 도구를 이용하시는 건지 모를 정도로아주 아주 시원하게 해주십니다.​그리고 마사지 받으면서 느꼈던게중요한 사진 촬영을 앞두고 계신 분이나예비 신랑 신부들이 받으면 되게 좋겠다는 생각이 들더라고요.셀룰라이트 부시는 그 느낌,짜 릿 해 ㅋㅋㅋ​​​  진짜 꾸준하게 받으면 셀룰라이트 없어질 거 같은 느낌이팍 드는게 정기권 써야겠다 싶더라고요.집도 멀지 않고 이렇게 시원하다고 하면정기권 고고할만 함​태전동마사지 손 아프게 검색하고 계시다면﻿더풋샵 경기광주점을 추천합니다.진짜 완전 시원함​​ 접기/펴기스트레스 싹 풀리는 찐 마사지맛집태전동 마사지 더풋샵 강추#태전동마사지#태전동발마사지#태전동등마사지#태전동아로마마사지#태전동마사지추천#태전동더풋샵#경기광주태전동마사지#경기광주태전동등관리#태전동등관리#태전동스포츠마사지 ​  ​ ","#경기광주마사지, #경기광주마사지추천, #태전동마사지, #더풋샵경기광주, #태전동등관리",56,https://blog.naver.com/880project1/223630221201,https://www.reviewnote.co.kr/_next/image?url=https%3A%2F%2Ffirebasestorage.googleapis.com%2Fv0%2Fb%2Freviewnote-e92d9.appspot.com%2Fo%2Fgongjeong%252Fd2e01d2d-ee8c-4b8e-a744-6e7c5d47c13a%3Falt%3Dmedia&w=1080&q=75,O
맛이쏘,2024. 10. 22. 10:55,정자역 술집 추천 야키토리 찐 맛집 미츠토리 정자점,"야키토리 최강자미츠토리 정자점 안녕하세요. 맛이쏘예요:-)오늘은 야키토리 찐 맛집으로 정자역 술집을 추천하려고 해요.미츠토리 정자점인데 분위기도 맛도 완전 굿굿!​ 50m© NAVER Corp.더보기/OpenStreetMap지도 데이터x© NAVER Corp./OpenStreetMap지도 컨트롤러 범례부동산거리읍,면,동시,군,구시,도국가미츠토리 정자점경기도 성남시 분당구 성남대로331번길 13 105호 미츠토리예약 경기 성남시 분당구 성남대로331번길 13 105호 미츠토리0507-1476-313017:00 - 01:00정자역 3번 출구에서 오른쪽으로 직진  정자역 술집으로 강추하는 미츠토리 정자점은역에서 멀지 않아서 접근성이 좋아요.그래서 저도 대중교통 이용해서 갔는데 편하더라고요 ㅋ​​​  미츠토리 정자점은 개별 테이블로 나뉘어져 있어서프라이빗하게 즐길 수 있답니다.회식장소로도 아주 굿굿임​​  미츠토리 정자점에 여러가지 이벤트도 하고 있으니참여해서 좀 더 가성비있게 즐기자구욥​​  오더는 테이블 키오스크로 하면 된답니다.야키토리 6종과 우니삼합, 카니미소를 주문했어요미리 말하자면 우니삼합 꼭!! 먹어보세요.​​  테이블마다 핸드폰 충전기가 있어서 너무 좋았음왜냐하면 저는 충전을 잘 안하기 때문에배터리가 간당간당할 때가 많기 때문이죠 ㅋㅋ​​​  쯔케류가 나오는데 간장곤약 너무 맛있음그리고 양배추피클도 너무 상큼하고 아삭하니너무 맛있어서 에피타이저처럼 먹었음 ㅋ​​  그리고 술을 시키면 시원하게 먹을 수 있도록이렇게 얼음에 꽂아서 주심​​​  아무래도 야키토리 맛집이기 때문에이렇게 실시간으로 준비하고 계심​​  야키토리 6종 중 닭안심과 청경채가 먼저 나왔어요.닭안심은 사시미로도 먹을 수 있는 안심으로80%만 익혀서 나오는데 아주 고소하고 맛있어요.​   청경채는 신선하면서 사각사각한 느낌이에요.와사비 딱 얹어서 먹으면 그 향긋함을 그대로 느낄 수 있음​​​  그리고 염통과 목살, 다릿살이 나왔어요.​​  개인적으로 염통을 너무 사랑하는 사람으로이거 정말 꼬들꼬들하니 맛있더라고요.간장곤약이랑 같이 먹으면 감칠맛에식감까지 아주 굿굿임​​  목살도 퍽퍽하지 않고 어찌나 맛있던지야키토리 찐맛집임​  그리고 닭다리살과 연골을 갈아 만든쯔꾸네가 나오는데 이거 정말 짭조름하고 맛있어요​​  동그랑땡 느낌인데 좀 더 촉촉하고무엇보다 소스가 정말 맛있어요.밥 비벼 먹고 싶을 정도임 ㅋㅋㅋ​​  이게 아주 감칠맛이 미쳤어요.​​  쯔꾸네 소스 푹 찍어서 먹으면 정말 맛있더라고요.짭조름한게 무한대로 들어갈 수 있음​​  그리고 단새우 머리 튀김이 나왔는데단새우 자체가 야들야들하다보니튀김도 굉장히 바삭하면서 부드러워서 좋더라고요.​​   쯔꾸네 소스에다 찍어먹으면 세상 맛있음감칠맛 폭발하는 고급 새우깡 먹는 느낌​​​  너무 기대했던 우니삼합!비주얼 자체가 미쳤음젤라틴으로 만든 간장젤리와 아보카도,관자, 단새우, 우니까지 완벽한 조합임​​  미쳤다 미쳤다 짤 보니까 또 먹으러 가고 싶어요 ㅠ내가 제일 좋아하는 조합으로 나오니까먹으면서 진짜 행복함​​​  간장젤라틴은 정말 신의 한수인 거 같음​​  관자도 어찌나 꼬들하면서 부드럽던지술을 부르는 마성의 우니삼합임​​​​  그리고 나온 카니미소, 야끼오니기리~!내가 게내장을 정말 좋아하는데이 조합도 완전 최고!​​  바삭하면서 쫀득한 야끼오니기리와같이 먹으면 술이 막 들어감그리고 생각보다 되게 든든해서밥 한끼 먹는 느낌임​​  살짝 구웠기 때문에 겉은 누룽지처럼 바삭하면서굉장히 구수한 맛과 향을 가지고 있음​​  카니미소는 따땃하게 먹을 수 있게 준비해주심​​  노른자를 터뜨리고 오니기리를 딱 찍어서한 입에 먹으면 진짜 고소함과 달달함과감칠맛과 짭조름함이 같이 느껴지는데숟가락으로 마구마구 퍼먹고 싶음​​  김에다 싸먹으면 진짜 맛있음​​  이렇게 맛있는 건 다 먹은 항공샹 필수지 ㅋㅋㅋ와 근데 진짜 요근래 가본 이자카야 중 메뉴도 그렇고맛도 그렇게 미츠토리가 제일인 거 같음​정자역 술집 이나 야키토리 찐 맛집을 찾으신다면고민말고 미츠토리 정자점으로 고고~!!​​ 접기/펴기자꾸 먹고 싶은 맛과 메뉴가 가득한 분당 정자 맛집분당 정자 맛집 찐으로 추천하는 미츠토리#분당정자맛집#분당맛집#정자동맛집#분당정자술집#분당정자동맛집#분당정자동술집#분당정자이자카야#정자동이자카야#분당술집#정자동술집 ​​​  ​ ","#정자역맛집, #정자역술집, #분당정자맛집, #미츠토리정자점, #야키토리맛집",69,https://blog.naver.com/880project1/223628611062,https://www.reviewnote.co.kr/_next/image?url=https%3A%2F%2Ffirebasestorage.googleapis.com%2Fv0%2Fb%2Freviewnote-e92d9.appspot.com%2Fo%2Fgongjeong%252F2f0071f9-b6a8-48ec-8db4-43ec0b186f1c%3Falt%3Dmedia&w=1080&q=75,O
맛이쏘,2024. 10. 18. 9:36,경기 광주 횟집 코스로 즐기는 사조참치 곤지암점,"코스로 즐기는 신선한 참치사조참치 곤지암점 안녕하세요. 맛이쏘예요:-)오늘은 경기 광주 횟집 추천을 하려고 하는데요.이미 동네 맛집으로 소문난사조참치 곤지암점 리뷰를 하려고 해요. 50m© NAVER Corp.더보기/OpenStreetMap지도 데이터x© NAVER Corp./OpenStreetMap지도 컨트롤러 범례부동산거리읍,면,동시,군,구시,도국가사조참치 곤지암점경기도 광주시 곤지암읍 곤지암로50번길 20 사조참치예약 경기 광주시 곤지암읍 곤지암로50번길 20 사조참치0507-1317-899317:00 - 21:50라스트 오더 20:20매주 일요일 휴무  사조참치 곤지암점은 경기 광주 횟집으로이미 유명해서 평일이고 주말이고 항상 만석이에요.우리는 6명이라서 미리 룸으로 예약하고 갔어요.​​​  사조참치 곤지암점은경기도 광주시 회 부문에서 우수상~!그래서 웨이팅이 있을 수 있으니가기 전에 예약하거나 미리 전화해보고 가는 것을 추천~!​​​  밖에 간판에도 메뉴가 간단하게 적혀있어요.​​​  들어가면 테이블석과 다찌석, 룸으로 분리가 되어 있어요.그래서 단체모임이나 회식장소로도 제격이랍니다.​​​  우리가 예약한 룸이에요.우리끼리 모임을 할 수 있어서 아늑하고 좋더라고요 ㅎ​​​  들어가자마자 세팅되어 있는 모습!빨리 참치 먹고 싶다아아아​​​   사조참치 곤지암점 메뉴판입니다.우리는 실버코스를 시켰는데 먹으면서냉모밀과 우동을 추가로 시켰어요.냉모밀은 여름메뉴라서 될까 했는데 다행히 주문 가능!​​​  파릇파릇한 샐러드로 건강도 챙겨주어요.이럴 때 아니면 언제 이 푸른 걸 먹어?ㅋㅋㅋ샐러드 드레싱이 맛있어서 나 혼자 먹음​​​  참치 무조림이 나왔는데 단짠단짠해서이것만으로도 소주 한 병 각 ㅋ참치가 정말 부드러워서 양념된 소고기 먹는 줄​​   버섯도 앙증맞게 나오는데꼬들꼬들하고 야들야들한게입맛돋우기 참 좋더라고요.​​  말해뭐해 콘치즈는 숟가락으로팍팍 퍼먹어야 제 맛이지​​  그리고 나온 사조참치~!딱 봐도 신선도가 아주 굿임​​  이렇게 많은 종류의 참치를 먹을 수 있다니 너무 좋음표고와사비도 함께 제공되기 때문에참치에 곁들여 먹으면 느끼함을 싹 잡아주고알싸함과 감칠맛으로 입에 쭉쭉 들어감​​  식전 죽과 된장국이 나오는데이걸로 속을 살살 달래주고슬쩍 알코올 집어넣을 예정​​​  이 죽에 표교와사비를 하나 얹어먹으면 엄청 맛있음표고와사비 아주 중독성 있어~!​​  그럼 이제 참치를 시작하도록 하지.참다랑어 속살을 필두로 아주 전투적으로 먹음 ㅋㅋ입에서 아주 살살 녹음​​  끝에 살짝 오독한 질감이라 너무 맛있었던황새치 뱃살! 역시 고급진 맛이군​​  그리고 코스로 진행되기 때문에 중간 중간초밥이라던지, 튀김이라던지, 어묵탕 등이 나와서정신 못차리고 배를 채우게 되는 매직초밥도 너무 맛있어서 나중에 여기서 포장해 먹으면 좋겠더라고요.​​  참다랑어 배꼽살은 말해 뭐해감칠맛과 적당히 기름진 부위가소고기 마블링 같죠? 맛도 소고기 같음​​   우리 너무 전투적으로 먹어서 ㅋㅋㅋ금방 채워주러 오심2차전 시작!!​​  리필이라고 해서 레벨 낮은 참치를 주지 않는사조참치 곤지암점! 이래서 내가 찾아왔징리필은 특수부위를 위주로 나오는데참치 아가미살, 볼살, 중뱃살 등으로 세탕해주심특히 볼살은 오독오독한 식감에 비주얼도진짜 소고기 뭉텅이 먹는 느낌임​​  요즘 날씨에 뜨끈한 어묵탕 한 숟가락 딱 먹으면속 풀리고 아주 굿굿​​  그리고 나온 민대구튀김!이거 정말 맛있는게 살이 엄청 도톰하고살이 되게 부들부들해요​​  민대구가 이렇게 맛있는 생선이었다니!간장 살짝 찍어서 먹으면 그 짠맛과민대구의 고소함이 잘 어우러져서 너무 맛있어요.​​  코스에 포함되어 있는 알밥이 나왔어요.마끼랑 알밥 중 고를 수 있는데 우리는 알밥으로~!​​  후식으로 먹기 딱 좋은 양이라서 아주 싹싹 긁어먹었지요.돌솥에 있는 알밥은 언제 먹어도 맛있음​​​  그리고 맛보기로 주신 참치콧등살참치회를 많이 먹어봤지만 이런 부위는 처음 봤음이게 식감도 그렇고 씹을수록 단맛이 뿜뿜임​​  먹으면서 너무 맛있다고 느낀게식감은 소라, 전복회 같은 꼬들꼬들함에맛은 씹을수록 단맛이 막 뿜어져나옴이것만 따로 시켜먹고 싶을 정도였음이 거 먹고 소주 한 잔 먹으면 소주마저 단맛이 느껴짐​​​  튀김도 나오는데 어찌나 바삭하던지한 입 베어물자마자 아사삭 소리가 남이런 튀김은 고구마를 많이 쓰는데여기는 감자를 써서 담백하고 맛있었음.새우도 오동통하고 부드러운게 겉바속촉 제대로임​​  그리고 나온 냉모밀~!​​  살얼음이 살벌하게 들어가있고그 안에 쫄깃 탱탱한 면발이 가득 들어있음육수도 아주 시원하고 깔끔한게 맛있음​​  냉온탕 느낌으로 우동도 시켰는데육수가 담백하고 맛있음​​  면발 탱글탱글~호로록 먹으면 속 따땃하고 아주 좋음​﻿경기 광주 횟집 어디갈까 고민 중이라면사조참치 곤지암점을 추천합니다:-)​​​ 접기/펴기신선하고 고급진 참치를 맛볼 수 있는 곤지암 맛집곤지암 참치맛집 사조참치#곤지암맛집#곤지암참치#곤지암횟집#경기광주맛집#경기광주참치#경기광주곤지암맛집#경기광주횟집#곤지암참치맛집#곤지암사조참치#사조참치곤지암 ​​  ​ ","#경기광주맛집, #경기광주횟집, #화담숲맛집, #곤지암맛집, #곤지암참치, #사조참치곤지암",72,https://blog.naver.com/880project1/223623621348,,X
맛이쏘,2024. 10. 17. 19:12,"구월동삼겹살 진짜 맛있는 제주덕구 주차,메뉴 정보","삼겹살 찐 맛집제주덕구 구월점 안녕하세요. 맛이쏘예요:-)오늘은 구월동삼겹살 찐 맛집을 찾아서소개해드리려고 해요.제주덕구 구월점인데 이름처럼제주도의 신선함이 가득한 구월동 삼겹살 맛집입니다. 50m© NAVER Corp.더보기/OpenStreetMap지도 데이터x© NAVER Corp./OpenStreetMap지도 컨트롤러 범례부동산거리읍,면,동시,군,구시,도국가제주덕구 구월점인천광역시 남동구 남동대로765번길 39 1층 제주덕구 구월점예약 인천 남동구 남동대로765번길 39 1층 제주덕구 구월점0507-1431-828811:00 - 22:30브레이크 타임 14:30 - 17:00라스트 오더 21:30주말/공휴일 15:00 - 22:30주말/공휴일은 특선메뉴 없음, 브레이크타임 없음  구월동삼겹살로 이미 유명한 제주덕구는도로변에 위치해 있어서 찾기 쉬워요.그리고 블링블링해서 눈에 훅 들어옴​​  제주덕구 영업시간이 큼지막하게 있어요.​​​  그리고 제주덕구가 접근성이 좋은게주차 걱정이 없다는 것~!자차로 이동을 많이 하는 저 같은 경우에는이렇게 알기 쉽게, 편하게 되어 있어서 좋더라고요.​​​  귀여운 돌하르방이 반겨줌 ㅋㅋㅋ아주 컬러감이 돋보여~!​​  뭔가 제주느낌을 표현하고자한 인테리어​​  뻥 뚫린 느낌의 인테리어라포차 느낌도 나는 거 같음​​   기본 세팅은 이렇게 나오고필요한 반찬은 대한민국에서 가장 청결한 셀프코너에서추가로 가져다 먹을 수 있어요.이런거 너무 좋아~!!​​​  워낙 웨이팅이 있는 제주덕구라예약하고 가면 이렇게 우주에서 가장 특별한 자리를 안내해줘요.​​   물티슈 마저 제주임 ㅋㅋㅋㅋ​​  그리고 테이블마다 이렇게 충전기가 있어서 너무 좋더라고요.저처럼 먹으면서 사진 열심히 찍는 사람한테는 아주 굿​​  술을 시켰더니 밀크씨슬 주는 제주덕구 ㅋㅋ진짜 하나부터 열까지 센스 만점임​​  주문은 테이블 키오스크로 하면 된답니다.우리는 하루에 20개만 한정으로 판매한다는찐꽃갈비살과 오겹살을 추가로 시켰어요.사이드는 냉김치말이 시켰는데 너무 맛있어서다 먹고 또 추가로 시켰다는 건 안비밀그리고 순두부 된장찌개까지 알차게 시킴​​  제주덕구는 1등급 이상의 제주돼지를 사용하고고기전용 냉장고에서 숙성을 해서 더욱 맛있다고 해요.쌀도 최고급 수향미, 신동진쌀을 블랜딩하고모든 음식은 100% 정수된 물로만 조리한다는 것!그리고 제가 음식점에서 제일 중요하게 생각하는 위생에서도매일 하루 2회 테이블 스팀과 수저 살균관리를 한다고 해요.​​  잔 마저 제주임 ㅋㅋㅋㅋㅋㅋㅋ너무 아기자기 이쁘당​​  순두부찌개가 먼저 나왔는데전직 요리사였던 아부지가 드시더니아주 맛있다고 하셨음된장찌개에 순두부 넣는 거는 처음 먹어보는 거 같은데야들야들하고 부드러운 순두부랑감칠맛의 된장찌개가 너무 잘 어울림​​  그 외에도 새우도 들어있고야채들도 가득 들어있어서술을 부르는 맛임​​​  하루 20개만 한정으로 판매하는 찐꽃갈비살!마블링이 아주 예술임고기가 굉장히 찰기가 있음왠지 벽에 붙이면 붙을 거 같음​​​  맛있는 거니까 집중해서 구워주기​​   익을수록 고소한 향이 올라오는데정말 맛있는 부위구나 딱 느껴지더라고요.​​  아무것도 안찍어 먹어도 감칠맛이 어마어마함와사비 살짝 얹어먹었더니 알싸함과소고기의 부드러움이 아주 찰떡궁합임​​  그리고 제주덕구에서 정말정말 강추하는김치말이 국수입니다.​​  살얼음 동동에 면발은 아주 쫄깃하고 탱글한데질기지 않고 목넘김이 좋아요.무엇보다 육수가 진짜 기가 막힙니다.지금까지 제가 먹었던 김치말이국수와는 차원이 달라요.진짜 땅 속 깊은 곳에 있는 동치미를 꺼낸 맛이랄까이거 먹으러 제주덕구 가고 싶을 정도​​​  소고기는 채소쌈 보다 그냥 먹는 걸 좋아하지만평소에 채소를 많이 안먹으니이렇게라도 먹는 것으로~!​​  장아찌랑 먹으면 고기의 느끼함을 싹 잡아주면서입 안을 상큼하고 깔끔하게 만들어줌​​  그리고 추가로 오겹살을 시켰는데이렇게 불판을 한 번 닦아주심​​  어머 때깔 봐이게 소고기야 돼지고기야​​  숙성 잘된 고기의 비주얼은술을 부르지~ㅋㅋㅋ껍질이 붙어있어서 꼬들하면서고기는 부드러운게 입 속에 착붙음​​  마늘이랑 김치도 구워서 이렇게 먹으면술이 나를 마시냐~ 내가 술을 마시냐~​​  두 번째로 시킨 김치말이 국수에오겹살 딱 얹어서 먹으니까 이건 천상의 맛임,이 때 이 맛이 생각나서 극찬 ㅋㅋㅋㅋ입 짧은 우리 가족들이 끝까지 계속 먹은 듯​​​  그리고 나오다 보면 이렇게 제주덕구 어메니티 겸기념품을 둘러볼 수 있음이런 센스 정말 너무 좋잖아​​​  그리고 계산하고 나가는 길에 가글도 주고안경 쓴 애들 보더니 클리닝티슈까지 챙겨주는세심함에 반했잖아요​구월동삼겹살찾으신다면 진짜 맛있는 제주덕구 강추합니다~!!​​​ 접기/펴기제주를 느낄 수 있는 구월동 맛집인천시청 고기집 강추 제주덕구#제주덕구인천#인천시청맛집#구월동맛집#인천맛집#구월동고기집#구월동돼지고기#구월동오겹살#인천시청회식장소#구월동회식장소#인천시청맛집추천 ​​​​  ","#구월동맛집, #구월동삼겹살, #구월동고기집, #제주덕구인천",47,https://blog.naver.com/880project1/223622955848,https://www.reviewnote.co.kr/_next/image?url=https%3A%2F%2Ffirebasestorage.googleapis.com%2Fv0%2Fb%2Freviewnote-e92d9.appspot.com%2Fo%2Fgongjeong%252F92ad1109-3a4b-40eb-bbfd-b30dd146fa8c%3Falt%3Dmedia&w=1080&q=75,O
맛이쏘,2024. 10. 16. 8:12,탄벌동맛집 불맛 살아있는 쏭바베큐,"불맛 살아있네~!!쏭바베큐 경기광주점 안녕하세요. 맛이쏘예요:-)오늘은 탄벌동맛집으로 소문난쏭바베큐 리뷰를 하려고 해요. 50m© NAVER Corp.더보기/OpenStreetMap지도 데이터x© NAVER Corp./OpenStreetMap지도 컨트롤러 범례부동산거리읍,면,동시,군,구시,도국가쏭바베큐 경기광주점경기도 광주시 포돌이로 95 1층 경기 광주시 포돌이로 95 1층0507-1355-236211:30 - 21:40매주 화요일 휴무 / 브레이크타임 없음  탄벌동맛집으로 추천하는 쏭바베큐는도로변에 위치해 있어서 찾기도 쉽고주차자리가 많아서 주차 걱정이 없어요.늦은 시간에 방문 했는데도 사람들이 많더라고요.​​  최근 새로운 바베큐기계를 도입해서풍미와 맛이 더 좋아졌다고 칭찬이 자자하더라고요.​​  나가는 길에 취향에 맞는 후식도 챙겨 먹을 수 있어요.​​   쏭바베큐가 좋은게 가정집 처럼 방으로 되어 있어서소모임, 단체모임을 갖기에도 너무 좋다는 것!​​  기본 찬이 세팅되는데 맛있더라고요.​​  먹다가 부족한 반찬은 셀프바를 이용하면 된답니다.​​  쏭바베큐 메뉴에요.등갈비 2인분으로 간장+폭립으로 시키고된장찌개랑 계란찜, 주먹밥까지 야무지게 시켰습니다.왜냐하면 항상 배고프지만 이 날은 너무 배고팠거든요 ㅋㅋㅋ​​  참치주먹밥이 나오는데 아주 푸짐하게 나오더라고요.​​   김가루도, 참치도 밥도 아주 넉넉하게 주셔서밥만 먹어도 배부를 지경!​​​​  그리고 쏭바베큐의 계란찜이 나왔는데와 이거 한 입먹고 너무 맛있다고 미쳤다고ㅋㅋ바닥까지 싹싹 긁어먹고 국물까지 싹 다 먹었잖아요​​  직접 만든 육수라서 감칠맛이 장난아님시중에 파는 육수도 아니고 이 맛은 먹어봐야 알아요​​  주먹밥에 무말랭이 딱 올려서 먹는데매콤하면서 단짠의 조화로움이 한 입에 팍~!​​  그리고 된장찌개가 나왔는데 이것도 먹자마자미쳤다고 ㅋㅋㅋㅋ진짜 맛있다고 ㅋㅋ꽃게다 들어서 시원하고 개운하더라고요.메인 안먹고 사이드 메뉴만으로도 소주 나발 불 수 있음​​  드디어 나온 쏭바베큐의 등갈비~!밑에 따뜻한 물이 있어서 타지 않고 식지 않게먹을 수 있어서 좋더라고요.​​  이렇게 보글보글 끓으면 먹으면 되는데뜨거울 수 있으니 손으로 건지지 말고젓가락으로 건진 다음에 좀 식혀 먹으면 좋더라고요.​​  간장등갈비를 먼저 집어들었지요.훈제한 등갈비에 양념이 촉촉하게 스며들어있어요.살도 아주 두툼하게 붙어있어서 뜯는 맛이 굿굿​​   훈제의 깊은 향과 단짠이 너무 찰떡이에요.아이들이 환장할 맛 ㅋㅋㅋ​​  두께가 꽤 있는 데도 고기가 질기지 않고퍽퍽하지 않고 부드러운게 아이들도 잘 뜯어 먹더라고요.제가 좋아하는 산고추 딱 얹어서 먹으면새콤하고 매콤하니 술 생각나지 ㅋㅋ​​  안에 떡도 들어있는데 어찌나 말랑말랑하고 맛있던지소스가 스며서 더 맛있더라고요.몇 개 없어서 아쉬웠음​​  그리고 폭립등갈비~!둘 다 너무 맛있는데 폭립은 살짝 매콤해요.인위적으로 매콤한게 아니라 맛있게 매콤해서맵찔이인 저도 얼마나 열심히 먹었는지 몰라요.​​​  양념이 진짜 맛있음.다음에 또 가면 소스만 따로 살 수 있냐고 하고 싶을 정도임볶음밥 해먹어도 너무 맛있을 거 같거든요 ㅋ​​  쌈무 슬쩍 올려서 먹으면 시원하고 아삭하고상큼하고 새콤해서 무한으로 먹을 수 있을 거 같음 ㅋㅋ​​  양파절임 가득에다 샐러드 올려서 먹으면되게 고급진 맛이 나는데 이건 먹어봐야 알아요.​​  머스타드 소스도 살짝 찍어서 먹으면아는 맛인데 입에 착착 달라붙음​​  등갈비 사이 사이에 있는 양파들도소스에 절여져서 너무나 맛있음살짝 눌어서 탄 부분이 불맛 나고 맛있음​​  쏙쏙 잘 잘 발려서 말도 안하고 먹은 거 같네 ㅋㅋ등갈비는 뼈 무게도 있고 하니까 금방 다 먹겠네 했는데고기가 꽤 많이 붙어있어서 배부르더라고요.​​​  찐으로 다 먹은 항공샷 ㅋ너무 맛있잖아요. 등갈비 좋아하는데앞으로 등갈비는 쏭바베큐에서 먹는 걸로!!​​  ​탄벌동맛집을 찾으신다면더도말도 덜도말고 쏭바베큐로 오세요~!​ 접기/펴기등갈비 맛집 드디어 찾음!등갈비가 맛있는 탄벌동 맛집 쏭바베큐#탄벌동맛집#경기광주등갈비#경기광주맛집#쏭바베큐#탄벌동등갈비#경기광주맛집추천#경기광주바베큐#탄벌동바베큐#경기광주회식장소#경기광주모임장소 ​​  ​ ","#탄벌동맛집, #경기광주맛집, #쏭바베큐, #탄벌동등갈비, #경기광주등갈비, #경기광주바베큐",54,https://blog.naver.com/880project1/223620791465,https://www.reviewnote.co.kr/_next/image?url=https%3A%2F%2Ffirebasestorage.googleapis.com%2Fv0%2Fb%2Freviewnote-e92d9.appspot.com%2Fo%2Fgongjeong%252F6e93e935-583f-46bb-a1de-926a421f0222%3Falt%3Dmedia&w=1080&q=75,O
맛이쏘,2024. 10. 15. 13:29,우대갈비가 끝내주는 구월동맛집 십삼대,"매일 먹고 싶은 갈비 맛집구월동 십삼대 안녕하세요. 맛이쏘예요:-)오늘은 구월동맛집 십삼대를 추천하려고 해요! 50m© NAVER Corp.더보기/OpenStreetMap지도 데이터x© NAVER Corp./OpenStreetMap지도 컨트롤러 범례부동산거리읍,면,동시,군,구시,도국가십삼대인천광역시 남동구 인주대로623번길 32 1층 인천 남동구 인주대로623번길 32 1층032-426-001311:30 - 22:30브레이크 타임 14:00 - 16:00라스트 오더 21:10  구월동맛집으로 강추하는 십삼대는인천시청 근처에 자리해있어서 접근성도 좋고밥 먹고 산책하기도 아주 좋은 위치에 있어요.​​  그리고 이렇게 공간이 나누어져있어서오붓하게 먹을 수 있어 좋더라구요.​​  거기에 룸도 구비가 되어 있어서회식과 모임하기에도 딱 좋을 거 같더라고요.​​​  십삼대 메뉴랍니다.한우, 와규, 흑돼지 숙성전문점으로심삽대 고기를 먹어봐야 아 맛있는 고기라는 게 이런거구나!하고 알 수 있어요.우리는 우대갈비 A를 시켰어요.​​  영수증 리뷰를 하면 이런 서비스도 받을 수 있으니참여해서 맛있는 서비스 받으세요.​​  밑반찬이 세팅이 되는데 쌈무며, 장아찌며파채 소스, 감자 샐러드 등 다 직접 갈고 썰고 만드신다고 해요.하나하나 맛보는데 감칠맛이 시판 제품이랑 다른게정성이 들어가서 맛있나봐요​​  이 감자샐러드는 질감이 느껴저서에피타이저로 딱 좋더라고요.​​  이 파채 소스가 너무 맛있더라고요. 상큼한데 시원하고새콤하면서 달다구리한게 고기랑 먹으면 찰떡임​​  이 갈비 소스도 직접 만드신건데소스없이 고기만 먹기 좀 질릴 수 있지 않을까고민하시다가 만드셨다고 해요.갈비맛소스인데 푹 찍어 먹으면 양념갈비 먹는 거 같이달달하고 맛있더라고요.​​​  이 장아찌도 고기랑 먹으면기름기 싹 잡아주면서 아주 굿굿임​​   소금조차도 너무 맛있는 십삼대!덩어리가 커서 너무 짜지는 않을까 했는데되게 맛있는 소금이었어요.​​​  숯불도 좋은 걸 쓰시는지 먼지 안나고 좋더라고요.​​  그리고 이 된장찌개가 정말 맛있어요.한 가지 된장만으로 만드는게 아니고여러 맛의 된장으로 만든다고 하시더라고요.그래서 진짜 진하고 얼큰한게 딱 밥말아먹으면두 공기는 먹겠더라고요.​​  드디어 나온 우대갈비 입니다.저는 우대갈비 처음 먹어보는데정말 큼지막하고 도톰한게 먹음직 스럽죠?​​  그리고 직접 구워주시기 때문에정말 편하게 먹을 수 있었어요.버섯과 감자, 파인애플까지하나씩 집어먹는 즐거움까지 있다는!​​​  노릇노릇하게 익어가고 있어요.​​​  이렇게 직접 손질해주시는 거 보다보면시간 가는 줄 모름 ㅋㅋㅋ​​​​  뼈에서 잘라낸 고기를 다시 한 번 익혀줍니다.두께가 있기 때문에 앞 뒤로 맛있게 구워줘요.​​​  그리고 이렇게 먹기 좋은 크기로 잘라주시는데안익은 부분은 좀 더 익혀주기!​​  고기의 잡내를 없에주고 향긋함도 느끼게 해주는허브를 가지고 이런 퍼포먼스까지~!이렇게 허브로 직접 향 입히는 작업을 해주는 곳은 처음이라굉장히 신선했어요.​​​  딱 맛있게 익은 모습~!허브향이 첨가되어서 그런지고기에서 힐링을 느낌 ㅋㅋㅋㅋㅋ​​  갈비소스에도 찍어먹고파채 듬뿍 해서 와사비 콩 얹어서 먹기도 하고무쌈에 진짜 정신없이 먹은 거 같아요.​​   그리고 정신을 차렸을 땐 삼겹살이 올려져 있었음 ㅋㅋㅋ삼겹살의 비주얼도 지금까지 봐왔던 비주얼과 달라서신선하더라고요 ㅎ​​  고기가 익을 동안 버섯도 주시는데통으로 구워서 이렇게 결따라 찢어먹으면더 맛있다고 하시더라고요.근데 이렇게 먹으니 진짜 버섯에서도되게 부드러운 고기맛이 남​​  어흐~ 색깔 봐바​​  안익은 부분도 이렇게 굴려가며사방으로 익혀줍니다.​​  그리고 먹기 좋은 크기로 썰어서조금 더 구워주면 완성!​​  반대편 익는 동안 허브싸다구~!!저도 집에서 먹을 때 이렇게 해봐야겠어요​​  고기가 하나같이 다 너무 맛있음아무것도 안찍어 먹어도 감칠맛이 느껴지는게숙성이 제대로 되어서 그런가봐요.​​​  파채는 듬뿍듬뿍 먹어도 알싸함도 없고시원하고 아삭한게 아주 맛있음​​  삼겹살을 소스에 찍어먹으면겉바속촉한 양념갈비맛 먹는 느낌~!​​​  그리고 된장술밥이 나왔는데얼마나 진득하고 맛있던지이 뚝배기 하나에 소주 한 병은 거뜬할 거 같음​​​  배불러서 못먹겠다고 했지만한 입 맛보고 그 후로 수저를 놓지 않았다는..​​  된장술밥에도 파채 가득 올려 먹으면구수하면서 짭조름하면서 상큼한게숟가락을 놓을 수가 없음​​​  마지막으로 직접 만든 디저트라고 주셨는데이거는 이 날만 주신건지 원래 주시는 건지는 모르겠음우린 왜 안줘욧??!! 하지 않으시길...​​  아이스크림인 줄 알았으나 크림치즈에 블루베리 잼이랑시리얼, 콘, 과자가 있는데 집에서도 만들어먹으면 좋겠더라고요.야금야금 다 먹음 ㅋㅋㅋ​우대갈비 맛집이나 구월동맛집을 찾으신다면십삼대 강추합니다! 꼭 가보셔요~!​​ 접기/펴기고기가 살살 녹는 구월동 고기집인천시청 찐 맛집 십삼대#인천시청맛집#인천맛집#구월동맛집#구월동고기집#구월동소고기#구월동삼겹살#인천시청삼겹살#인천시청회식#구월동회식장소#구월동고기맛집 ​​  ​ ","#남동구맛집, #구월동맛집, #구월동우대갈비, #구월동고기집, #십삼대",53,https://blog.naver.com/880project1/223619753364,https://www.reviewnote.co.kr/_next/image?url=https%3A%2F%2Ffirebasestorage.googleapis.com%2Fv0%2Fb%2Freviewnote-e92d9.appspot.com%2Fo%2Fgongjeong%252F67316e21-35c9-444a-90fb-5c1072166152%3Falt%3Dmedia&w=1080&q=75,O
맛이쏘,2024. 10. 14. 11:15,분당스테이크로 강추하는 미금역맛집 포크너,"스테이크가 기가 막히네~!포크너 분당점 안녕하세요. 맛이쏘예요:-)오늘은 분당스테이크로 추천하는미금역맛집 포크너 리뷰를 하려고 해요. 50m© NAVER Corp.더보기/OpenStreetMap지도 데이터x© NAVER Corp./OpenStreetMap지도 컨트롤러 범례부동산거리읍,면,동시,군,구시,도국가포크너 분당점경기도 성남시 분당구 정자일로 21 1층예약 경기 성남시 분당구 정자일로 21 1층0507-1409-475211:00 - 22:00브레이크 타임 15:30 - 17:00라스트 오더 21:00  포크너는 미금역하고도 가까워서 접근성이 좋아요.인테리어도 유럽풍 느낌 가득~!​​  포크너는 이미 미금역맛집으로 완전 핫하더라고요.오픈 시간에 맞춰서 갔는데 이미 자리도 꽤 많이 찬데다우리가 들어오고 나서 손님들이 계속 들어와서 만석~!웨이팅 없이 입장해서 다행이다 했지요 ㅋ​​​   미금역맛집 포크너 메뉴에요.이 메뉴판은 웨이팅 하면서 볼 수 있게 야외에 붙어있고들어가서 테이블 키오스크로 준무하면 된답니다.우리는 명란크림파스타랑 등심스테이크를 주문했어요.​​  들어가자마자 인테리어 너무 예뻐서사진 찍을 맛 나더라고요 ㅋ와인 판매도 하고 있어서 와인 좋아하시는 분들은구경하는 재미가 쏠쏠할 듯​​   테이블 간 간격도 넓고 쾌적해서 좋더라고요.​​​  이렇게 단체석도 있어서 모임하기에도 좋을 거 같았어요.아기 의자도 준비되어 있기 때문에가족단위로 방문해도 좋을 거 같음​​  나름 아담한 룸도 있어서 브런치모임 하기도 좋겠더라고요.우리가 갔을 때도 이미 모임들이 자리잡고 있었음​​  레몬허브차가 준비되는데 티슈 조차도 어쩜 이리 감성적인지딱 내가 좋아하는 색감들이 가득해서 자꾸 보고 싶음​​  명란파스타가 나왔는데 딱 봐도 꾸덕하고 진한게크림이 이미 입 속으로 들어와있는 느낌플레이팅한 색감도 포크너 인테리어랑 아주 찰떡임​​  명란이 정말 가득 들어있어요크림보다 명란이 더 많은 느낌이랄까 ㅋ​​   근데도 전혀 짜지 않고 딱 좋은 염도라고 할까요명란은 계속 먹다보면 짜서 물도 많이 마시게 되는데포크너의 명란크림파스타는 담백하게 짭조름해서 맛있어요.그래서 소스만 먹어도 전혀 자극적이지 않고자꾸 숟가락으로 퍼먹게 됨 ㅋ​​​  그리고 나온 포크너의 등심스테이크!미디엄레어로 시켜서 거의 생고기 상태이지만근데 전혀 느끼하거나 질긴 것 없이아주 촉촉하면서 부드럽더라고요.​​  육회를 좋아하기 때문에 미디엄레어도 아주 맛있었음감자에 있는 크림 찍어서 먹는데부드럽고 사르르 녹는 식감이 아주 굿굿​​  홀그레인과 머스타드 소스를 듬뿍 찍어 먹어도자극적이지 않고 스테이크와 아주 찰떡이에요.​​  감자랑 크림이 어쩜 이리 잘 어울리던지감자에 크림, 토마토까지 딱 같이 먹으면싱싱함과 고소함이 이 입 속에서 그대로 느껴지더라고요.​​​  고추랑 토마토,  스테이크에 소스까지 딱 얹어 먹으면자꾸 손이 가는 매력적인 맛임고추가 살짝 매콤해서 스테이크의 느끼함을 딱 잡아줌​​  그리고 저는 이 버섯이 너무 맛있더라고요.뭔가 바삭 촉촉한 느낌인데 말랭이 느낌도 있고입 속에 넣으면 식감이랑 풍미가 진하게 느껴지는데너무 맛있었어요.​뎅트나 모임장소로 분당스테이크 검색하신다면미금역맛집 포크너를 추천합니다~!!​​ 접기/펴기분위기도 맛도 향도 살살 녹는 미금역 맛집미금 스테이크 맛집 포크너#미금역맛집#미금맛집#미금파스타#미금스테이크#포크너#분당맛집#분당스테이크#미금데이트#미금파스타맛집#미금스테이크맛집 ​​​  ​ ","#분당맛집, #미금맛집, #미금역파스타, #분당스테이크, #포크너",50,https://blog.naver.com/880project1/223618166593,,X
